system_key,question_key,chunk_key,pre_rerank_rank,post_rerank_rank,rank_shift,reranker_score,is_legacy_relevant
bge_small__rrf60__medcpt_ce__d20,q01-polinton-virion-evidence,chunk:sha256:f4dc4ee380d0709b63877b8e0505c25fa962748c8789b475304110ad6dd069ad,1,3,-2,15.37269401550293,True
bge_small__rrf60__medcpt_ce__d20,q01-polinton-virion-evidence,chunk:sha256:e7b8b6084ea250d137cd3683868d0f22c79f1e53847c66b32876dc953167ecb6,2,2,0,15.452953338623047,False
bge_small__rrf60__medcpt_ce__d20,q01-polinton-virion-evidence,chunk:sha256:76fe792b5e0f5d3b6235dfb5c6654f9059e76683f215b74859df7c61e8c48b0e,3,6,-3,14.54076862335205,False
bge_small__rrf60__medcpt_ce__d20,q01-polinton-virion-evidence,chunk:sha256:9e9070679b743330ea616a0174fae466564f3bb762dc0ee6bf1fd69466263c71,4,20,-16,-8.051037788391113,False
bge_small__rrf60__medcpt_ce__d20,q01-polinton-virion-evidence,chunk:sha256:7817bbd166498bc3a150d18218f14fc6312fec7916a80f3777405e9a7212ae72,5,5,0,15.213398933410645,False
bge_small__rrf60__medcpt_ce__d20,q01-polinton-virion-evidence,chunk:sha256:9e7efe071c4411448855e432851a632c868c4e45f2e2f36c0d0a63598a9677ca,6,9,-3,13.083273887634277,False
bge_small__rrf60__medcpt_ce__d20,q01-polinton-virion-evidence,chunk:sha256:817b3e52e6d3cd92b647ec56d4ca59ed514cdc20c5028491ed82447936d793cd,7,7,0,14.34852409362793,False
bge_small__rrf60__medcpt_ce__d20,q01-polinton-virion-evidence,chunk:sha256:c5a80d183ccbd21077142bb18d35e858b023976ebf965745e6d073bf731ababd,8,14,-6,6.128039836883545,False
bge_small__rrf60__medcpt_ce__d20,q01-polinton-virion-evidence,chunk:sha256:39d9f77699a355c7b7e046c429a0fde770b7832bb92cf9db106dbb62bdf5ec9e,9,10,-1,9.674867630004883,False
bge_small__rrf60__medcpt_ce__d20,q01-polinton-virion-evidence,chunk:sha256:23dfc40729dae5cbc672fcc442e23be2dd9f4613bae5991d5f0d8afe228b0b65,10,4,6,15.277909278869629,False
bge_small__rrf60__medcpt_ce__d20,q01-polinton-virion-evidence,chunk:sha256:29e99cc462faa4d4c09bdbb4a2562ea2b8e166a18c4b63f1fe572587348a6e5e,11,8,3,13.571290016174316,False
bge_small__rrf60__medcpt_ce__d20,q01-polinton-virion-evidence,chunk:sha256:54051b7d4af4a328fdc5da9e5b72e9dba79fac52939671a294d7f0b3fb907554,12,1,11,15.593472480773926,False
bge_small__rrf60__medcpt_ce__d20,q01-polinton-virion-evidence,chunk:sha256:c8ed4bbc6bc186cafdc9658bda7497319ca6d8471f670e366a5f22063ab83fe9,13,16,-3,2.013676643371582,False
bge_small__rrf60__medcpt_ce__d20,q01-polinton-virion-evidence,chunk:sha256:7f7d94983a68d20716444a85dec88605f5b722bc86859ce66a74fdd005c2ec9e,14,18,-4,-0.042651742696762085,False
bge_small__rrf60__medcpt_ce__d20,q01-polinton-virion-evidence,chunk:sha256:303ac303d190979a887a38de581bf2129964e30068e8e957d549738a84624c05,15,12,3,8.472818374633789,False
bge_small__rrf60__medcpt_ce__d20,q01-polinton-virion-evidence,chunk:sha256:5a333a9358bb5fad1dec4c2f02656018b47b1bff4956b88df14f1410b7cfe68b,16,15,1,5.985192775726318,False
bge_small__rrf60__medcpt_ce__d20,q01-polinton-virion-evidence,chunk:sha256:0a51b3f10f6e36c60a14fad4a000ca2a44a23a4c1d8822ff05a08cdd5509219f,17,13,4,6.413851737976074,False
bge_small__rrf60__medcpt_ce__d20,q01-polinton-virion-evidence,chunk:sha256:dc5d69db23abfa3a18853e34f1fca28aa2e77e466de91dfaf3859760604d6469,18,11,7,9.242687225341797,False
bge_small__rrf60__medcpt_ce__d20,q01-polinton-virion-evidence,chunk:sha256:3250dd4b13265c64c8f1a6cf9b7363075b0c72838a27a77c2fdd712a92f140e6,19,17,2,0.5461289882659912,False
bge_small__rrf60__medcpt_ce__d20,q01-polinton-virion-evidence,chunk:sha256:fddce65c4acfee6fb97b6a772407c47f37d6b74e390b1274ad29c0bbce94f5dd,20,19,1,-0.729529619216919,False
bge_small__rrf60__medcpt_ce__d20,q02-plv-metagenome-discovery,chunk:sha256:daafb592742921286c7cf1cbcd7051170d6b4464c69cd7082af4564e45bbe17f,1,1,0,15.949030876159668,False
bge_small__rrf60__medcpt_ce__d20,q02-plv-metagenome-discovery,chunk:sha256:82e24880d12396739da426accae9ec544351240e6bb635fc16239b2414d0df2b,2,6,-4,15.299688339233398,False
bge_small__rrf60__medcpt_ce__d20,q02-plv-metagenome-discovery,chunk:sha256:c668d6e6be2d47f2a2d3f1818f8cff922078a0e1cdd1d6cdfd9822c3d64fa5d5,3,5,-2,15.392539024353027,False
bge_small__rrf60__medcpt_ce__d20,q02-plv-metagenome-discovery,chunk:sha256:7cc653e0819e4ddadee5f37fd3fe8672ab9be2f4bad73c52cf73162fbc824efc,4,3,1,15.766857147216797,False
bge_small__rrf60__medcpt_ce__d20,q02-plv-metagenome-discovery,chunk:sha256:472b1a5a75e2eaa094d10f61aab0daab6122d97d3858913ade7eef07fe2b1ca4,5,2,3,15.793336868286133,False
bge_small__rrf60__medcpt_ce__d20,q02-plv-metagenome-discovery,chunk:sha256:c01d0622a2d7167a24f978189cee1b8f920a2ae8c887b848b0f262d23018dd80,6,9,-3,14.169778823852539,False
bge_small__rrf60__medcpt_ce__d20,q02-plv-metagenome-discovery,chunk:sha256:32f9b52bf342df1c629ab5ba358c626faddc3cb1551361d8610ce795fc24213f,7,14,-7,12.192575454711914,True
bge_small__rrf60__medcpt_ce__d20,q02-plv-metagenome-discovery,chunk:sha256:f4dc4ee380d0709b63877b8e0505c25fa962748c8789b475304110ad6dd069ad,8,18,-10,0.20403850078582764,False
bge_small__rrf60__medcpt_ce__d20,q02-plv-metagenome-discovery,chunk:sha256:d517da2fbd334afbbe7e31d0c8714a65aefcd18896b2610e040dd441e88d4972,9,10,-1,13.803045272827148,False
bge_small__rrf60__medcpt_ce__d20,q02-plv-metagenome-discovery,chunk:sha256:d3afb458b4f3b12b3d16ebb2a0486657c8f6d7061333cc65ed5a64d72148228e,10,12,-2,12.837156295776367,False
bge_small__rrf60__medcpt_ce__d20,q02-plv-metagenome-discovery,chunk:sha256:cdb133c32c0e517e04928fe54d9af7fdce6d755cbfd6ced9d883651f66d1959d,11,15,-4,11.455564498901367,False
bge_small__rrf60__medcpt_ce__d20,q02-plv-metagenome-discovery,chunk:sha256:76fe792b5e0f5d3b6235dfb5c6654f9059e76683f215b74859df7c61e8c48b0e,12,17,-5,4.313204765319824,False
bge_small__rrf60__medcpt_ce__d20,q02-plv-metagenome-discovery,chunk:sha256:7b475a032c9c7e5a522e5f83292d0e6ea5c3e840e0c83b87baf3ef99aacc0655,13,16,-3,9.253642082214355,False
bge_small__rrf60__medcpt_ce__d20,q02-plv-metagenome-discovery,chunk:sha256:7ea2117e542bfa39a9361f79793b1897923481485ba4ad4a917d60fa91a61c06,14,19,-5,-0.8369888067245483,False
bge_small__rrf60__medcpt_ce__d20,q02-plv-metagenome-discovery,chunk:sha256:d0a05d5660b9d125a7bf1520eac994aabb1c671a81fd8943a8927050f626e634,15,8,7,14.534662246704102,False
bge_small__rrf60__medcpt_ce__d20,q02-plv-metagenome-discovery,chunk:sha256:7a59f8b949387cb1817e74e552bd795604a8011167ea3002aceb899ebe3f345d,16,4,12,15.540921211242676,False
bge_small__rrf60__medcpt_ce__d20,q02-plv-metagenome-discovery,chunk:sha256:0ea0e13add9f40d35af545d41c14d64f35e129d11b7ebc77d4662b11a564caa1,17,7,10,14.54060173034668,False
bge_small__rrf60__medcpt_ce__d20,q02-plv-metagenome-discovery,chunk:sha256:b370b544f83a771b0b3d3e5ccf3648c899e48c37756b9c21e53c337072a53164,18,20,-2,-3.818326473236084,False
bge_small__rrf60__medcpt_ce__d20,q02-plv-metagenome-discovery,chunk:sha256:ecc298f297294da9077db92b0284fce720b06be2f7e731d94e19c53d3dead692,19,13,6,12.262680053710938,False
bge_small__rrf60__medcpt_ce__d20,q02-plv-metagenome-discovery,chunk:sha256:db23d061f3c5f7647ee5498b2612b8c9ec631c25d0f6e6110392755071d8a5a5,20,11,9,13.618824005126953,False
bge_small__rrf60__medcpt_ce__d20,q03-aquatic-plv-abundance,chunk:sha256:472b1a5a75e2eaa094d10f61aab0daab6122d97d3858913ade7eef07fe2b1ca4,1,1,0,15.963648796081543,True
bge_small__rrf60__medcpt_ce__d20,q03-aquatic-plv-abundance,chunk:sha256:c01d0622a2d7167a24f978189cee1b8f920a2ae8c887b848b0f262d23018dd80,2,5,-3,14.598322868347168,False
bge_small__rrf60__medcpt_ce__d20,q03-aquatic-plv-abundance,chunk:sha256:daafb592742921286c7cf1cbcd7051170d6b4464c69cd7082af4564e45bbe17f,3,3,0,15.952277183532715,False
bge_small__rrf60__medcpt_ce__d20,q03-aquatic-plv-abundance,chunk:sha256:c668d6e6be2d47f2a2d3f1818f8cff922078a0e1cdd1d6cdfd9822c3d64fa5d5,4,8,-4,10.235740661621094,False
bge_small__rrf60__medcpt_ce__d20,q03-aquatic-plv-abundance,chunk:sha256:d517da2fbd334afbbe7e31d0c8714a65aefcd18896b2610e040dd441e88d4972,5,7,-2,13.198860168457031,False
bge_small__rrf60__medcpt_ce__d20,q03-aquatic-plv-abundance,chunk:sha256:751ec5f5673635a5fed72675a003cf9c9367cea26e7a4738d8356ce096d7b3d7,6,4,2,15.771696090698242,False
bge_small__rrf60__medcpt_ce__d20,q03-aquatic-plv-abundance,chunk:sha256:0ea0e13add9f40d35af545d41c14d64f35e129d11b7ebc77d4662b11a564caa1,7,9,-2,9.28858757019043,False
bge_small__rrf60__medcpt_ce__d20,q03-aquatic-plv-abundance,chunk:sha256:ab2567776f4676efa9e715bf63f3678dfeca51940a91c582a354fd8fe72d8708,8,20,-12,-5.880362033843994,False
bge_small__rrf60__medcpt_ce__d20,q03-aquatic-plv-abundance,chunk:sha256:cb52107a71036bedebaedfbbe01016b85a7f7fde11d82966956497cf2a37a19b,9,2,7,15.954025268554688,False
bge_small__rrf60__medcpt_ce__d20,q03-aquatic-plv-abundance,chunk:sha256:097f63cec662beb5860a41a0024b8c8ecf8099cc6d0d64affd1ee47c112b3555,10,19,-9,-5.392019748687744,False
bge_small__rrf60__medcpt_ce__d20,q03-aquatic-plv-abundance,chunk:sha256:cdb133c32c0e517e04928fe54d9af7fdce6d755cbfd6ced9d883651f66d1959d,11,6,5,13.979864120483398,False
bge_small__rrf60__medcpt_ce__d20,q03-aquatic-plv-abundance,chunk:sha256:79ca96ac4f83c03f5868b2ebf71de16ef6080c3980ebe9ddf2c4f5c7729256da,12,13,-1,5.901731967926025,False
bge_small__rrf60__medcpt_ce__d20,q03-aquatic-plv-abundance,chunk:sha256:eb45729e98321b5790bd05c1d2b2c6ac1b369528a57802be429eaa2758f808ef,13,16,-3,-0.14886197447776794,False
bge_small__rrf60__medcpt_ce__d20,q03-aquatic-plv-abundance,chunk:sha256:ecc298f297294da9077db92b0284fce720b06be2f7e731d94e19c53d3dead692,14,12,2,6.364381790161133,False
bge_small__rrf60__medcpt_ce__d20,q03-aquatic-plv-abundance,chunk:sha256:eba60d1bdb7e215b1516376b6852416bcce8a1d6440d09dfda3ffaf13fc7c66f,15,14,1,4.86579704284668,False
bge_small__rrf60__medcpt_ce__d20,q03-aquatic-plv-abundance,chunk:sha256:c852516a8cd789702aa61d7862848ab773698798129dfcb65087b245ccd6c664,16,17,-1,-1.012490153312683,False
bge_small__rrf60__medcpt_ce__d20,q03-aquatic-plv-abundance,chunk:sha256:9a6c2fa6e7bf411d7073017ffee17313f1dd2d84b5b4647b6abcd1e5e6f8e69a,17,11,6,6.611083984375,False
bge_small__rrf60__medcpt_ce__d20,q03-aquatic-plv-abundance,chunk:sha256:17a143201899b1d4d7df772ccf0e034479576347cee86bd9ea2c412557d5f1f7,18,18,0,-1.8088411092758179,False
bge_small__rrf60__medcpt_ce__d20,q03-aquatic-plv-abundance,chunk:sha256:4372fc5b45a1c740257c67cedf3808725c353dc85a28ece74a568792ef8ab692,19,10,9,7.011260986328125,False
bge_small__rrf60__medcpt_ce__d20,q03-aquatic-plv-abundance,chunk:sha256:1288d040dc00f6842c6ab44920ceef403fe16fb12931206bb89c273563393ddf,20,15,5,3.6477582454681396,False
bge_small__rrf60__medcpt_ce__d20,q04-viralrecall-method,chunk:sha256:434fda2a08cc51e64816bf2b792417f3ad432f5ef148e7bcecb5e8c00276a8ac,1,2,-1,15.882020950317383,False
bge_small__rrf60__medcpt_ce__d20,q04-viralrecall-method,chunk:sha256:7ea2117e542bfa39a9361f79793b1897923481485ba4ad4a917d60fa91a61c06,2,1,1,15.928570747375488,True
bge_small__rrf60__medcpt_ce__d20,q04-viralrecall-method,chunk:sha256:149cc5d8b6eccee74d9d9ca6989c0352b9b94169f739747e38cbad1a65d90a75,3,9,-6,13.321004867553711,False
bge_small__rrf60__medcpt_ce__d20,q04-viralrecall-method,chunk:sha256:f13056c7ec2fb1aa5a8ba09ed7c2345a4817b3d642c8609c7ae6330158ae2988,4,3,1,15.832282066345215,False
bge_small__rrf60__medcpt_ce__d20,q04-viralrecall-method,chunk:sha256:1414c7be9b1b8d86106b33a70edaaf63ac72ee8ec24a2430b6101e24181cbffc,5,10,-5,13.282330513000488,False
bge_small__rrf60__medcpt_ce__d20,q04-viralrecall-method,chunk:sha256:51ccf70ae7e30081a4fb24a1970c17ebdc7ee2c964287bdd66671cf57ec6e2e3,6,4,2,15.703086853027344,False
bge_small__rrf60__medcpt_ce__d20,q04-viralrecall-method,chunk:sha256:5f014cc70509c528988551fe3e4b2f91de12ce098f9cf5fd23b53b79a6354f8a,7,18,-11,5.209794044494629,False
bge_small__rrf60__medcpt_ce__d20,q04-viralrecall-method,chunk:sha256:ed9fc5e584796960f01faca3532bcce66bd9c8c544dc2af2924ec6e748bbe91d,8,11,-3,11.941267013549805,False
bge_small__rrf60__medcpt_ce__d20,q04-viralrecall-method,chunk:sha256:96ab42d31999993af7c1ce32f0f64fbde3e1d3f7ba72effb6f5539907a8c7dd3,9,8,1,13.32887077331543,False
bge_small__rrf60__medcpt_ce__d20,q04-viralrecall-method,chunk:sha256:a7e00ea2c148f6e366c9a61fef10277de90d0723efef7d14c2bfa7710b8ccb90,10,15,-5,7.989266872406006,False
bge_small__rrf60__medcpt_ce__d20,q04-viralrecall-method,chunk:sha256:0e263e2f3ebb21904954e8fbbf5f40bbe6fc5680306e9ad80855861e136f6bd1,11,17,-6,5.766427516937256,False
bge_small__rrf60__medcpt_ce__d20,q04-viralrecall-method,chunk:sha256:c208dd3f469543145ec0f8179363c573665be2df6e403f29e12f3f8902baf625,12,13,-1,10.592870712280273,False
bge_small__rrf60__medcpt_ce__d20,q04-viralrecall-method,chunk:sha256:e4c405f898999714f2fbbef63b95a9d3506d6b0b4ab7e431ac1bd811c033a352,13,12,1,11.271137237548828,False
bge_small__rrf60__medcpt_ce__d20,q04-viralrecall-method,chunk:sha256:457145f8656db12167ed529ff17205aa82e9489f42382be3a9723ad96808d6a1,14,7,7,14.767166137695312,False
bge_small__rrf60__medcpt_ce__d20,q04-viralrecall-method,chunk:sha256:5824bd5152b5122c12cda8a9e7117b083c22d5227eb5a86ef60674e34f2d22b2,15,19,-4,2.4698801040649414,False
bge_small__rrf60__medcpt_ce__d20,q04-viralrecall-method,chunk:sha256:f9fb3889514e9b33b220bda69c99f83b6507b92ec5cb5189e53e7d9f0c985961,16,6,10,15.317310333251953,False
bge_small__rrf60__medcpt_ce__d20,q04-viralrecall-method,chunk:sha256:2dc8184db32cc456858fc41ee72b1541430a624bb930eef63d247d6da188ab77,17,14,3,10.528335571289062,False
bge_small__rrf60__medcpt_ce__d20,q04-viralrecall-method,chunk:sha256:98e6e41be7dd41bf8dd2f7e3b4fe5d81626938a2883134eeec4b586489794664,18,16,2,7.951613903045654,False
bge_small__rrf60__medcpt_ce__d20,q04-viralrecall-method,chunk:sha256:a60452929e1b6e461405118cb1880c812e74b34f955502553339b7dd3cf71a05,19,5,14,15.466289520263672,False
bge_small__rrf60__medcpt_ce__d20,q04-viralrecall-method,chunk:sha256:b5c089d871f6df41c2f7dee87d2f79489dc24d7a702b75dcfe11a9373d711982,20,20,0,1.0968425273895264,False
bge_small__rrf60__medcpt_ce__d20,q05-geve-database-scope,chunk:sha256:aea6bd74994125acb8a532cc9c0386f895aaee54d6b6a1764b47c5a3c47fe0cc,1,5,-4,13.33691692352295,True
bge_small__rrf60__medcpt_ce__d20,q05-geve-database-scope,chunk:sha256:0b53bc20a8b76f1d4b6683a1a7e102d31830c6741a991b2535daed019b7db43d,2,8,-6,11.126895904541016,False
bge_small__rrf60__medcpt_ce__d20,q05-geve-database-scope,chunk:sha256:ec3b7821f7640cc8606385b1d909d4943bfae65571b9460c01857d5c46fb8d31,3,3,0,14.791213035583496,False
bge_small__rrf60__medcpt_ce__d20,q05-geve-database-scope,chunk:sha256:c34e766a913a1bac7133c641f5ae00b870d86292b5bab838dae549d5623720ab,4,16,-12,-9.771153450012207,False
bge_small__rrf60__medcpt_ce__d20,q05-geve-database-scope,chunk:sha256:b78e0adb6caf5502229805365fa802e0fef8c8f568abc782e5b9a382fa5502c8,5,4,1,13.520475387573242,False
bge_small__rrf60__medcpt_ce__d20,q05-geve-database-scope,chunk:sha256:294a37f7e1b228e46b8272b1891d1c2388a2f272c02e1625f784dbf07f60b15b,6,11,-5,6.995134353637695,False
bge_small__rrf60__medcpt_ce__d20,q05-geve-database-scope,chunk:sha256:e35538dd6128464b56a3070a2b2c80f6947c8656c15ce9884e1078b0f8fc206c,7,9,-2,8.853199005126953,False
bge_small__rrf60__medcpt_ce__d20,q05-geve-database-scope,chunk:sha256:d0abc42833ea279aeefe29337f9c5502671c315c4af1bfb99e204f845b02248c,8,7,1,11.465483665466309,False
bge_small__rrf60__medcpt_ce__d20,q05-geve-database-scope,chunk:sha256:09d90a5a77d8e7a3fc49f4871f1486d147a9b97c9b183b3e0bc5257f79bbb3c0,9,1,8,15.439443588256836,False
bge_small__rrf60__medcpt_ce__d20,q05-geve-database-scope,chunk:sha256:97748fe5c7234bc948734a3af52e645b3c3785d3a0d06ea61b653ed263b03588,10,14,-4,-4.207712173461914,False
bge_small__rrf60__medcpt_ce__d20,q05-geve-database-scope,chunk:sha256:44b4550da524a829b437eff4c04999feb2977939327e912ea2acce5922eeb83a,11,10,1,8.104629516601562,False
bge_small__rrf60__medcpt_ce__d20,q05-geve-database-scope,chunk:sha256:58cd7c326e2c3e01baac62cfa1f79c4948ff9c992d600a47e3f8c8b93ede459c,12,15,-3,-5.946221828460693,False
bge_small__rrf60__medcpt_ce__d20,q05-geve-database-scope,chunk:sha256:28b396b7d4fa7c1760d5362cd88a373e155f0201130c3a50c3262957dbe731d2,13,2,11,15.375358581542969,False
bge_small__rrf60__medcpt_ce__d20,q05-geve-database-scope,chunk:sha256:472b1a5a75e2eaa094d10f61aab0daab6122d97d3858913ade7eef07fe2b1ca4,14,19,-5,-13.069502830505371,False
bge_small__rrf60__medcpt_ce__d20,q05-geve-database-scope,chunk:sha256:d517da2fbd334afbbe7e31d0c8714a65aefcd18896b2610e040dd441e88d4972,15,17,-2,-9.95016860961914,False
bge_small__rrf60__medcpt_ce__d20,q05-geve-database-scope,chunk:sha256:71597c8fe22a4da601d5a226f08e247253bda043d9a08d2b74372ae74e2d77d2,16,18,-2,-10.416335105895996,False
bge_small__rrf60__medcpt_ce__d20,q05-geve-database-scope,chunk:sha256:759d00bb1330e431d4335c2e445b6aa4bc66c66b3c0895d85c1c998886eadb87,17,12,5,2.4782748222351074,False
bge_small__rrf60__medcpt_ce__d20,q05-geve-database-scope,chunk:sha256:5263641647a5d410933714c22b5d0ddd607f0f64fe10d1f872c8a0deb436e5ec,18,6,12,13.237004280090332,False
bge_small__rrf60__medcpt_ce__d20,q05-geve-database-scope,chunk:sha256:593ca118251a06803c6f2d072f3152171b942af4d28b21983590d00c1722f416,19,20,-1,-13.681806564331055,False
bge_small__rrf60__medcpt_ce__d20,q05-geve-database-scope,chunk:sha256:60c68571bf86ea0abb18ad6d039835770d0b601ee839e15290491b0bc7ba5605,20,13,7,-4.084542274475098,False
bge_small__rrf60__medcpt_ce__d20,q06-planehopper-eve-cooption,chunk:sha256:1a9d02d24e42c37f2179339e1de906c26706550c197d7b1f3900972a2f25c3dd,1,2,-1,15.076604843139648,False
bge_small__rrf60__medcpt_ce__d20,q06-planehopper-eve-cooption,chunk:sha256:0216654deef6f6ec86a71f886dd5c95d8ed107e5f5ab6efff8b7ddc47a7cadae,2,3,-1,15.018407821655273,True
bge_small__rrf60__medcpt_ce__d20,q06-planehopper-eve-cooption,chunk:sha256:3324cd3710941936ac5f925f0166fcbd11d19dd3dd5a052a7ba50ad94e9a076c,3,1,2,15.443960189819336,False
bge_small__rrf60__medcpt_ce__d20,q06-planehopper-eve-cooption,chunk:sha256:b90095720472adb3ae76307cd60241f1abf6c7720127e638f096fe54a1e0ca1c,4,19,-15,-0.31910210847854614,False
bge_small__rrf60__medcpt_ce__d20,q06-planehopper-eve-cooption,chunk:sha256:10a03c9f627a3d5db7d77d40066df322232c31bf924a716c715507104b7d9ac9,5,7,-2,11.513948440551758,False
bge_small__rrf60__medcpt_ce__d20,q06-planehopper-eve-cooption,chunk:sha256:4ce28ff5d96a37ff03efd8b1b946e1c8a3ab4aacf0d4bafba03d1938d9c2268a,6,11,-5,8.030912399291992,False
bge_small__rrf60__medcpt_ce__d20,q06-planehopper-eve-cooption,chunk:sha256:48885437124ee7b08a3f24e37368560e0f8254d8ba889e625bcfae65eced0e38,7,15,-8,3.4958059787750244,False
bge_small__rrf60__medcpt_ce__d20,q06-planehopper-eve-cooption,chunk:sha256:a9d72878eaaf99deec86f292854b5bf5654c65abaee9955de1c73c54cf60bf5d,8,4,4,14.621310234069824,False
bge_small__rrf60__medcpt_ce__d20,q06-planehopper-eve-cooption,chunk:sha256:a98e50488959360ea979febfce782893a78caadc1bad4cb4741e7886d507d90f,9,14,-5,5.190744876861572,False
bge_small__rrf60__medcpt_ce__d20,q06-planehopper-eve-cooption,chunk:sha256:37dd8a71921c45806b8f7264f3e0f50f5156116138205b877ea45fdbe6a82371,10,9,1,11.30883502960205,False
bge_small__rrf60__medcpt_ce__d20,q06-planehopper-eve-cooption,chunk:sha256:ee6b89eab8b328fdb86ca7a663bf7e60d47c8560d1ad06cf245521018fa40f1e,11,13,-2,5.221620559692383,False
bge_small__rrf60__medcpt_ce__d20,q06-planehopper-eve-cooption,chunk:sha256:9f5f51c316ceb3d5310614d1e6d31ec175977986c52cd6e19b853a66ab4010bc,12,5,7,14.117696762084961,False
bge_small__rrf60__medcpt_ce__d20,q06-planehopper-eve-cooption,chunk:sha256:76cb58720e1cad5c28efbabe2d16ce71c004f587e4cf7382647f379e33bae4d4,13,6,7,12.200164794921875,False
bge_small__rrf60__medcpt_ce__d20,q06-planehopper-eve-cooption,chunk:sha256:89702c750940867ae9ac9fd1f2c1fef8f535d427e8ccb4239f04bd9911713c4a,14,10,4,10.990806579589844,False
bge_small__rrf60__medcpt_ce__d20,q06-planehopper-eve-cooption,chunk:sha256:f88ceb52e2b431f3dac3d0288e13b40eec26f28268eaeec1fa67c2810a2e58c3,15,8,7,11.422255516052246,False
bge_small__rrf60__medcpt_ce__d20,q06-planehopper-eve-cooption,chunk:sha256:36ae1c2e5fd09e3771d747054c678303b068f760c1c74a64043abf9a6443fd95,16,20,-4,-1.1420495510101318,False
bge_small__rrf60__medcpt_ce__d20,q06-planehopper-eve-cooption,chunk:sha256:d784bde06cdf2c09bed02e9e91add0aefb72ce0bd1395364c76dadf4648278c2,17,18,-1,-0.10420370101928711,False
bge_small__rrf60__medcpt_ce__d20,q06-planehopper-eve-cooption,chunk:sha256:3c205ebb1abb61c1a6b3baa728bf524286faf1853e88d7b279de4afba62ee68d,18,16,2,1.28916597366333,False
bge_small__rrf60__medcpt_ce__d20,q06-planehopper-eve-cooption,chunk:sha256:7258eac6f38c5f5e1a1380a3cd32a766403cd14db85535a52457bc3ddbb03228,19,12,7,6.060708999633789,False
bge_small__rrf60__medcpt_ce__d20,q06-planehopper-eve-cooption,chunk:sha256:0a415361be9491bb0ccfcb46be9f894224e113d0c0829b91a2fe92b2eabb9745,20,17,3,1.2652056217193604,False
bge_small__rrf60__medcpt_ce__d20,q07-aedes-efve-expression,chunk:sha256:a94c4408bb26c48d2468635d23a0810b86697053567262bef0dafa825a6b727d,1,2,-1,15.52169132232666,False
bge_small__rrf60__medcpt_ce__d20,q07-aedes-efve-expression,chunk:sha256:593ca118251a06803c6f2d072f3152171b942af4d28b21983590d00c1722f416,2,3,-1,15.499374389648438,True
bge_small__rrf60__medcpt_ce__d20,q07-aedes-efve-expression,chunk:sha256:688bb7cf95b933cc941df34641d5a0d42b403eb59d169299f7a48be2302b2905,3,1,2,15.871172904968262,False
bge_small__rrf60__medcpt_ce__d20,q07-aedes-efve-expression,chunk:sha256:392d2d8525fb64b68caa94ff65acaed8dcc3be0449ffea13386ab941917351d5,4,4,0,15.482507705688477,False
bge_small__rrf60__medcpt_ce__d20,q07-aedes-efve-expression,chunk:sha256:d528bcaec2d742ce9613c86bf227304b2104a25958b7405144864508d06b9039,5,14,-9,1.9965178966522217,False
bge_small__rrf60__medcpt_ce__d20,q07-aedes-efve-expression,chunk:sha256:71597c8fe22a4da601d5a226f08e247253bda043d9a08d2b74372ae74e2d77d2,6,19,-13,-12.115480422973633,False
bge_small__rrf60__medcpt_ce__d20,q07-aedes-efve-expression,chunk:sha256:143642223b46264750c2b067c817c0a9a580e578da9b4c498a7784982bdf9343,7,20,-13,-15.608003616333008,False
bge_small__rrf60__medcpt_ce__d20,q07-aedes-efve-expression,chunk:sha256:3324cd3710941936ac5f925f0166fcbd11d19dd3dd5a052a7ba50ad94e9a076c,8,16,-8,-0.5034944415092468,False
bge_small__rrf60__medcpt_ce__d20,q07-aedes-efve-expression,chunk:sha256:c0601582d67c0f6c20400d9ec86aefde6fc5f19ff7bfb9f70e842ba7c41ed114,9,9,0,11.979436874389648,False
bge_small__rrf60__medcpt_ce__d20,q07-aedes-efve-expression,chunk:sha256:60c68571bf86ea0abb18ad6d039835770d0b601ee839e15290491b0bc7ba5605,10,18,-8,-5.605561256408691,False
bge_small__rrf60__medcpt_ce__d20,q07-aedes-efve-expression,chunk:sha256:1a9d02d24e42c37f2179339e1de906c26706550c197d7b1f3900972a2f25c3dd,11,17,-6,-2.924468517303467,False
bge_small__rrf60__medcpt_ce__d20,q07-aedes-efve-expression,chunk:sha256:ec3b7821f7640cc8606385b1d909d4943bfae65571b9460c01857d5c46fb8d31,12,15,-3,-0.26898640394210815,False
bge_small__rrf60__medcpt_ce__d20,q07-aedes-efve-expression,chunk:sha256:1d890bbbd669f637dae63e15d4e0311d8c955c7008f7932164062de09cb04644,13,8,5,12.030823707580566,False
bge_small__rrf60__medcpt_ce__d20,q07-aedes-efve-expression,chunk:sha256:9aef3f660fab65f23cdb924f68e64a58a5820cc5c295c609b0140b3442f51526,14,5,9,15.262219429016113,False
bge_small__rrf60__medcpt_ce__d20,q07-aedes-efve-expression,chunk:sha256:c32ab87996268a4c40e6507df186c80a77ecb37dfde77456efcbaa280952e325,15,7,8,14.831873893737793,False
bge_small__rrf60__medcpt_ce__d20,q07-aedes-efve-expression,chunk:sha256:6ac4db1a0b03ae7ab74f48f3923c54219b444fa124e2a1c99ab5349ed18e96ae,16,11,5,10.151471138000488,False
bge_small__rrf60__medcpt_ce__d20,q07-aedes-efve-expression,chunk:sha256:8247bc39f2847c17856e5712c77284d82099d18a73259ad5acd47e7e1883414d,17,13,4,4.764063358306885,False
bge_small__rrf60__medcpt_ce__d20,q07-aedes-efve-expression,chunk:sha256:ee6b89eab8b328fdb86ca7a663bf7e60d47c8560d1ad06cf245521018fa40f1e,18,10,8,10.666646003723145,False
bge_small__rrf60__medcpt_ce__d20,q07-aedes-efve-expression,chunk:sha256:c4f5df8fa4efdff57b84bc404e72d509fdb948a48d5df1e9d89881fe91ec98ac,19,6,13,14.903267860412598,False
bge_small__rrf60__medcpt_ce__d20,q07-aedes-efve-expression,chunk:sha256:9ffe34fcbf1890755c3e29e04e478666b54f92ee676790bdaa98f37e22f338a9,20,12,8,5.0711469650268555,False
bge_small__rrf60__medcpt_ce__d20,q08-maverick-phylogenomics,chunk:sha256:0acd38e425c3a4c0119bdd9c894af36a486ba4bef255fb04217a95a49e8535c7,1,3,-2,15.848272323608398,True
bge_small__rrf60__medcpt_ce__d20,q08-maverick-phylogenomics,chunk:sha256:e9b8a2747459e1294b635334d590b5931e2c9d441c6f75dbadd7a6e3154b06f2,2,4,-2,15.675590515136719,False
bge_small__rrf60__medcpt_ce__d20,q08-maverick-phylogenomics,chunk:sha256:c34e766a913a1bac7133c641f5ae00b870d86292b5bab838dae549d5623720ab,3,8,-5,15.279666900634766,False
bge_small__rrf60__medcpt_ce__d20,q08-maverick-phylogenomics,chunk:sha256:a57dde5b2e4d95ed7880a8ac99d21e98aa5ed8fe5987ef720209ac0ff16dd8ca,4,2,2,15.956613540649414,False
bge_small__rrf60__medcpt_ce__d20,q08-maverick-phylogenomics,chunk:sha256:f9b963b32ff0260c75feed87f7a3d1c87da3784bc3f5095ff3a88eb122651cdc,5,6,-1,15.362045288085938,False
bge_small__rrf60__medcpt_ce__d20,q08-maverick-phylogenomics,chunk:sha256:0d92e7caa01ceac504d20baa434d46bcdc4c130ab59c3d33d22a71719ed95bab,6,7,-1,15.350046157836914,False
bge_small__rrf60__medcpt_ce__d20,q08-maverick-phylogenomics,chunk:sha256:8159a3e4456f61221fcb4fe533bc7dddd1d8288212ff2c84472deed69f408fbd,7,12,-5,14.401498794555664,False
bge_small__rrf60__medcpt_ce__d20,q08-maverick-phylogenomics,chunk:sha256:5e63344495e26eb7d607f01e695ed9144342ef9d9852c28216ea9d8a1ee49485,8,10,-2,14.821224212646484,False
bge_small__rrf60__medcpt_ce__d20,q08-maverick-phylogenomics,chunk:sha256:f8ce02a1f46ddf0c640f1f21e798fb2d297e2657f0ca1e3e841e078c9a56dd28,9,14,-5,13.432342529296875,False
bge_small__rrf60__medcpt_ce__d20,q08-maverick-phylogenomics,chunk:sha256:e5cb1e7abc7fae3da459d447bf2c3772adf18ed8401677a436968520aa2ee97f,10,1,9,15.967069625854492,False
bge_small__rrf60__medcpt_ce__d20,q08-maverick-phylogenomics,chunk:sha256:7399921f11942b91f8a6b612d06d27eb0a648fd39dad56a27bd42fe75b6345f5,11,9,2,15.219663619995117,False
bge_small__rrf60__medcpt_ce__d20,q08-maverick-phylogenomics,chunk:sha256:1132437226fdd92c5bd7d69bf98ee855c953a52def845d4e3d532bc2d7d69989,12,15,-3,13.388298034667969,False
bge_small__rrf60__medcpt_ce__d20,q08-maverick-phylogenomics,chunk:sha256:28d5bd3e6c92c2e9823d3ff43a72a353db262a74fa59b975f8b389b40646acab,13,5,8,15.53275203704834,False
bge_small__rrf60__medcpt_ce__d20,q08-maverick-phylogenomics,chunk:sha256:d73b47160d265af75a2fbc8f99d1157f4031a4ca55b67f26efeb154a774327b1,14,16,-2,12.016655921936035,False
bge_small__rrf60__medcpt_ce__d20,q08-maverick-phylogenomics,chunk:sha256:5bc42f33870fdef5e9b6a3a3bca45dff1cee98a16c1f9241b572f56e7752782f,15,13,2,14.217781066894531,False
bge_small__rrf60__medcpt_ce__d20,q08-maverick-phylogenomics,chunk:sha256:ea2fbc23f51ed2e14d6068502319f6aa0e0efbcb55e3b445a1871dd78d4ded71,16,11,5,14.44371223449707,False
bge_small__rrf60__medcpt_ce__d20,q08-maverick-phylogenomics,chunk:sha256:97b7c0e403b1acffe4f96e69d249caa2bdb68946be2ef60457a19c9bc84df585,17,17,0,11.976428985595703,False
bge_small__rrf60__medcpt_ce__d20,q08-maverick-phylogenomics,chunk:sha256:f10d56eb599a219d15bdc2e60e3d65b16d74d8bf7cfd782251f7e58ea5f36dc4,18,20,-2,3.9978392124176025,False
bge_small__rrf60__medcpt_ce__d20,q08-maverick-phylogenomics,chunk:sha256:35234be9b2dd825db3ec1acf10d24fae1c30c93a6692140255331eb02bcb7d03,19,19,0,4.229525089263916,False
bge_small__rrf60__medcpt_ce__d20,q08-maverick-phylogenomics,chunk:sha256:ffdd6ff718dce3606437660e6265d885fb051757c06033d48b5bd6fb9d4fb80f,20,18,2,7.232872009277344,False
bge_small__rrf60__medcpt_ce__d20,q09-shrimp-ihhnv-eve,chunk:sha256:be477bd777c982bfc2a911dce771e7ecee169880a1757e7043e4d9b20fcf784d,1,16,-15,10.736251831054688,False
bge_small__rrf60__medcpt_ce__d20,q09-shrimp-ihhnv-eve,chunk:sha256:143642223b46264750c2b067c817c0a9a580e578da9b4c498a7784982bdf9343,2,17,-15,10.506003379821777,True
bge_small__rrf60__medcpt_ce__d20,q09-shrimp-ihhnv-eve,chunk:sha256:5dfd585aa17d234b895b8c12800a030517da6207efc79d01e6698ec9818592d3,3,14,-11,12.90304183959961,False
bge_small__rrf60__medcpt_ce__d20,q09-shrimp-ihhnv-eve,chunk:sha256:db53118d6c45f2405e14d456b50d27f0aedc7e1ef209ab1c82f74e604eb31930,4,19,-15,7.711770057678223,False
bge_small__rrf60__medcpt_ce__d20,q09-shrimp-ihhnv-eve,chunk:sha256:9fdbcd8c46b10021df540e949cf90c044c26f4718a3ed6455f4078fd030b3e9a,5,5,0,15.385480880737305,False
bge_small__rrf60__medcpt_ce__d20,q09-shrimp-ihhnv-eve,chunk:sha256:86fbbc2d65ee45585b5d30bd4205a18eb11d78ea830eb9319a1312841d143b14,6,2,4,15.777128219604492,False
bge_small__rrf60__medcpt_ce__d20,q09-shrimp-ihhnv-eve,chunk:sha256:dd6372697026041d7329a47821f0e920ff6a03fd1824052243209cd509af4b8b,7,3,4,15.703682899475098,False
bge_small__rrf60__medcpt_ce__d20,q09-shrimp-ihhnv-eve,chunk:sha256:b18ff57b910ef04b50879fd0847a0ab2cee099592a11871722e72cbd9218012e,8,6,2,15.26789665222168,False
bge_small__rrf60__medcpt_ce__d20,q09-shrimp-ihhnv-eve,chunk:sha256:7acd0f2c96b5e4e1130aa414f05b5c6ed88eca2c78c5b4378212fbcbefe3f26c,9,9,0,14.480998039245605,False
bge_small__rrf60__medcpt_ce__d20,q09-shrimp-ihhnv-eve,chunk:sha256:2899fee5d66bda02b5fc69710cf1d8d4277380abb32325fbda001ea37cea6a23,10,12,-2,13.253999710083008,False
bge_small__rrf60__medcpt_ce__d20,q09-shrimp-ihhnv-eve,chunk:sha256:a6993ddf87228993325547cc1694d5547e0b21007f2f4f3a9d815683636da574,11,13,-2,12.999269485473633,False
bge_small__rrf60__medcpt_ce__d20,q09-shrimp-ihhnv-eve,chunk:sha256:85016400a3715aa603769092d2e295b736d5d593ea4b6acde80100cbd67e79ed,12,4,8,15.553016662597656,False
bge_small__rrf60__medcpt_ce__d20,q09-shrimp-ihhnv-eve,chunk:sha256:8bb142de9ffe2f162d939f9b31c92865da7c2595ba38a7d492acb9d53924cfc2,13,8,5,14.634716987609863,False
bge_small__rrf60__medcpt_ce__d20,q09-shrimp-ihhnv-eve,chunk:sha256:97374b65a5a9986761bb78d81f2b63e23c9b68b95b346f43c65ee723d965cb83,14,18,-4,10.362799644470215,False
bge_small__rrf60__medcpt_ce__d20,q09-shrimp-ihhnv-eve,chunk:sha256:a7a2b535bbf6c9a73cd10477bed235830fffd70f957204678a3966a910ad4057,15,10,5,14.367042541503906,False
bge_small__rrf60__medcpt_ce__d20,q09-shrimp-ihhnv-eve,chunk:sha256:d32a5d8612d93cda17d515a07ede6ab896217baab35ef3bcc99d3ef9a80199de,16,1,15,15.80098819732666,False
bge_small__rrf60__medcpt_ce__d20,q09-shrimp-ihhnv-eve,chunk:sha256:98221972e66a4dd21991d974b307ab1518903cbe2094dd552b06205073a5ffd1,17,7,10,15.041025161743164,False
bge_small__rrf60__medcpt_ce__d20,q09-shrimp-ihhnv-eve,chunk:sha256:4292fe25a596649fdf17a0294514e9cac4219c790c8d694843692bd2f5d209c3,18,11,7,13.320704460144043,False
bge_small__rrf60__medcpt_ce__d20,q09-shrimp-ihhnv-eve,chunk:sha256:ade19ebca1dc56bbd3c718a7f2884171d879ca209e2f5235bc97a36042ef541d,19,15,4,11.32923698425293,False
bge_small__rrf60__medcpt_ce__d20,q09-shrimp-ihhnv-eve,chunk:sha256:3e4ac0c7e20e3646e045687b6a6ba133359c2399a8b3b9bdb2ce3635283ba2ce,20,20,0,4.779543399810791,False
bge_small__rrf60__medcpt_ce__d20,q10-flavivirus-ancient-origin,chunk:sha256:d528bcaec2d742ce9613c86bf227304b2104a25958b7405144864508d06b9039,1,2,-1,15.732320785522461,True
bge_small__rrf60__medcpt_ce__d20,q10-flavivirus-ancient-origin,chunk:sha256:58cd7c326e2c3e01baac62cfa1f79c4948ff9c992d600a47e3f8c8b93ede459c,2,4,-2,15.319360733032227,False
bge_small__rrf60__medcpt_ce__d20,q10-flavivirus-ancient-origin,chunk:sha256:6f8eb770a4600ed5451c48d6ab80b4a1c44ac3de2de96025272009ad5fe21597,3,9,-6,7.251214027404785,False
bge_small__rrf60__medcpt_ce__d20,q10-flavivirus-ancient-origin,chunk:sha256:97748fe5c7234bc948734a3af52e645b3c3785d3a0d06ea61b653ed263b03588,4,7,-3,10.881922721862793,False
bge_small__rrf60__medcpt_ce__d20,q10-flavivirus-ancient-origin,chunk:sha256:392d2d8525fb64b68caa94ff65acaed8dcc3be0449ffea13386ab941917351d5,5,8,-3,8.578492164611816,False
bge_small__rrf60__medcpt_ce__d20,q10-flavivirus-ancient-origin,chunk:sha256:688bb7cf95b933cc941df34641d5a0d42b403eb59d169299f7a48be2302b2905,6,16,-10,-1.4490811824798584,False
bge_small__rrf60__medcpt_ce__d20,q10-flavivirus-ancient-origin,chunk:sha256:a94c4408bb26c48d2468635d23a0810b86697053567262bef0dafa825a6b727d,7,14,-7,2.001678705215454,False
bge_small__rrf60__medcpt_ce__d20,q10-flavivirus-ancient-origin,chunk:sha256:593ca118251a06803c6f2d072f3152171b942af4d28b21983590d00c1722f416,8,17,-9,-4.5165276527404785,False
bge_small__rrf60__medcpt_ce__d20,q10-flavivirus-ancient-origin,chunk:sha256:0acd38e425c3a4c0119bdd9c894af36a486ba4bef255fb04217a95a49e8535c7,9,20,-11,-6.722350120544434,False
bge_small__rrf60__medcpt_ce__d20,q10-flavivirus-ancient-origin,chunk:sha256:c0601582d67c0f6c20400d9ec86aefde6fc5f19ff7bfb9f70e842ba7c41ed114,10,12,-2,2.881272792816162,False
bge_small__rrf60__medcpt_ce__d20,q10-flavivirus-ancient-origin,chunk:sha256:e9b8a2747459e1294b635334d590b5931e2c9d441c6f75dbadd7a6e3154b06f2,11,18,-7,-5.929205894470215,False
bge_small__rrf60__medcpt_ce__d20,q10-flavivirus-ancient-origin,chunk:sha256:a114bc828b2db3ebe065ba4e176eed7ff7a8812d93856f85b00cb8d38ebc78d6,12,19,-7,-5.943428039550781,False
bge_small__rrf60__medcpt_ce__d20,q10-flavivirus-ancient-origin,chunk:sha256:b1a4d2806aba2e05b6720f2af2883bc1158f063617a38627f6d9c441938449a5,13,1,12,15.902459144592285,False
bge_small__rrf60__medcpt_ce__d20,q10-flavivirus-ancient-origin,chunk:sha256:7a3c29c9ab15051f6e3dbbae2ca0777d09bf13da16d5bdbe859af44d48531017,14,5,9,14.305389404296875,False
bge_small__rrf60__medcpt_ce__d20,q10-flavivirus-ancient-origin,chunk:sha256:52446bb9a155d47742b7ff6a384bee893711252c775f68c6d42f1c6df8d9328f,15,3,12,15.691778182983398,False
bge_small__rrf60__medcpt_ce__d20,q10-flavivirus-ancient-origin,chunk:sha256:8250e9ff5d9c4b795a05731c17054741dc4821cbf596a20d5b3b6fc25d106a4e,16,6,10,11.321144104003906,False
bge_small__rrf60__medcpt_ce__d20,q10-flavivirus-ancient-origin,chunk:sha256:365928ffb8653aca69a22e65b00ceb59539e7677687017a60344dea69b824c4c,17,10,7,4.649183750152588,False
bge_small__rrf60__medcpt_ce__d20,q10-flavivirus-ancient-origin,chunk:sha256:11700ed87f6f24530c4a0ad7511df37eeb787bf2db6a725bed64f0e313796150,18,15,3,1.3981348276138306,False
bge_small__rrf60__medcpt_ce__d20,q10-flavivirus-ancient-origin,chunk:sha256:ddebd02a00ef0960a1a1edb4b3118bba7a4d8ba881ae89afd3faf3688156cb2a,19,11,8,3.0500166416168213,False
bge_small__rrf60__medcpt_ce__d20,q10-flavivirus-ancient-origin,chunk:sha256:03d48b75590fb560ddd02d538227e02d9e0b8f1f09970449117bb321a8c04ec8,20,13,7,2.5586893558502197,False
bge_small__rrf60__medcpt_ce__d20,q11-avian-paleoviral-frequency,chunk:sha256:71597c8fe22a4da601d5a226f08e247253bda043d9a08d2b74372ae74e2d77d2,1,1,0,15.91283893585205,True
bge_small__rrf60__medcpt_ce__d20,q11-avian-paleoviral-frequency,chunk:sha256:60c68571bf86ea0abb18ad6d039835770d0b601ee839e15290491b0bc7ba5605,2,2,0,15.9120512008667,False
bge_small__rrf60__medcpt_ce__d20,q11-avian-paleoviral-frequency,chunk:sha256:593ca118251a06803c6f2d072f3152171b942af4d28b21983590d00c1722f416,3,18,-15,-6.126152515411377,False
bge_small__rrf60__medcpt_ce__d20,q11-avian-paleoviral-frequency,chunk:sha256:0acd38e425c3a4c0119bdd9c894af36a486ba4bef255fb04217a95a49e8535c7,4,16,-12,-2.6095972061157227,False
bge_small__rrf60__medcpt_ce__d20,q11-avian-paleoviral-frequency,chunk:sha256:143642223b46264750c2b067c817c0a9a580e578da9b4c498a7784982bdf9343,5,20,-15,-11.579692840576172,False
bge_small__rrf60__medcpt_ce__d20,q11-avian-paleoviral-frequency,chunk:sha256:688bb7cf95b933cc941df34641d5a0d42b403eb59d169299f7a48be2302b2905,6,19,-13,-6.64193058013916,False
bge_small__rrf60__medcpt_ce__d20,q11-avian-paleoviral-frequency,chunk:sha256:3324cd3710941936ac5f925f0166fcbd11d19dd3dd5a052a7ba50ad94e9a076c,7,13,-6,0.4895949959754944,False
bge_small__rrf60__medcpt_ce__d20,q11-avian-paleoviral-frequency,chunk:sha256:ec3b7821f7640cc8606385b1d909d4943bfae65571b9460c01857d5c46fb8d31,8,6,2,12.353127479553223,False
bge_small__rrf60__medcpt_ce__d20,q11-avian-paleoviral-frequency,chunk:sha256:3a5f0e05ce44e26e7ba5ded0cf5ac9a2058fcea66bae9e634d6544c3e2eff6f5,9,4,5,13.247602462768555,False
bge_small__rrf60__medcpt_ce__d20,q11-avian-paleoviral-frequency,chunk:sha256:aea6bd74994125acb8a532cc9c0386f895aaee54d6b6a1764b47c5a3c47fe0cc,10,11,-1,4.018253326416016,False
bge_small__rrf60__medcpt_ce__d20,q11-avian-paleoviral-frequency,chunk:sha256:e9b8a2747459e1294b635334d590b5931e2c9d441c6f75dbadd7a6e3154b06f2,11,10,1,4.339717864990234,False
bge_small__rrf60__medcpt_ce__d20,q11-avian-paleoviral-frequency,chunk:sha256:d528bcaec2d742ce9613c86bf227304b2104a25958b7405144864508d06b9039,12,15,-3,-2.381843328475952,False
bge_small__rrf60__medcpt_ce__d20,q11-avian-paleoviral-frequency,chunk:sha256:1a9d02d24e42c37f2179339e1de906c26706550c197d7b1f3900972a2f25c3dd,13,14,-1,-1.95751953125,False
bge_small__rrf60__medcpt_ce__d20,q11-avian-paleoviral-frequency,chunk:sha256:392d2d8525fb64b68caa94ff65acaed8dcc3be0449ffea13386ab941917351d5,14,12,2,0.5541049242019653,False
bge_small__rrf60__medcpt_ce__d20,q11-avian-paleoviral-frequency,chunk:sha256:a94c4408bb26c48d2468635d23a0810b86697053567262bef0dafa825a6b727d,15,17,-2,-4.332347869873047,False
bge_small__rrf60__medcpt_ce__d20,q11-avian-paleoviral-frequency,chunk:sha256:4878aac5b2eb86e0621ba30f75e775c51e917b5b94d43013511825b0a8ccca2e,16,9,7,9.29515266418457,False
bge_small__rrf60__medcpt_ce__d20,q11-avian-paleoviral-frequency,chunk:sha256:95a6be5a064e9433bfad7568d7bbb517bbdc532862b7070538d83d3fa89be1ee,17,5,12,12.589411735534668,False
bge_small__rrf60__medcpt_ce__d20,q11-avian-paleoviral-frequency,chunk:sha256:350a015d1e84d06f65a871b4f3174c7c03f33a9edd05aa8eb65f807fd09045df,18,7,11,12.302623748779297,False
bge_small__rrf60__medcpt_ce__d20,q11-avian-paleoviral-frequency,chunk:sha256:c690f1f3e9e8858301b5773a6c08ad8d961e19969547ecc38e3c5c03e7b97de4,19,3,16,15.293230056762695,False
bge_small__rrf60__medcpt_ce__d20,q11-avian-paleoviral-frequency,chunk:sha256:1aef2a731be2ff6468c2e3438cd970e03b11027a5ac505733682708ff038b898,20,8,12,11.34048843383789,False
bge_small__rrf60__medcpt_ce__d20,q12-plv-contamination-control,chunk:sha256:daafb592742921286c7cf1cbcd7051170d6b4464c69cd7082af4564e45bbe17f,1,13,-12,-0.8280386328697205,False
bge_small__rrf60__medcpt_ce__d20,q12-plv-contamination-control,chunk:sha256:c668d6e6be2d47f2a2d3f1818f8cff922078a0e1cdd1d6cdfd9822c3d64fa5d5,2,17,-15,-4.8314924240112305,False
bge_small__rrf60__medcpt_ce__d20,q12-plv-contamination-control,chunk:sha256:472b1a5a75e2eaa094d10f61aab0daab6122d97d3858913ade7eef07fe2b1ca4,3,15,-12,-3.9437978267669678,False
bge_small__rrf60__medcpt_ce__d20,q12-plv-contamination-control,chunk:sha256:c01d0622a2d7167a24f978189cee1b8f920a2ae8c887b848b0f262d23018dd80,4,9,-5,0.8953814506530762,False
bge_small__rrf60__medcpt_ce__d20,q12-plv-contamination-control,chunk:sha256:d517da2fbd334afbbe7e31d0c8714a65aefcd18896b2610e040dd441e88d4972,5,16,-11,-4.217404365539551,False
bge_small__rrf60__medcpt_ce__d20,q12-plv-contamination-control,chunk:sha256:a35242f0890335ee7c5b3dae96276963fa36c898ec952f148b0c2526ef528514,6,1,5,14.337337493896484,True
bge_small__rrf60__medcpt_ce__d20,q12-plv-contamination-control,chunk:sha256:cb52107a71036bedebaedfbbe01016b85a7f7fde11d82966956497cf2a37a19b,7,4,3,10.231507301330566,False
bge_small__rrf60__medcpt_ce__d20,q12-plv-contamination-control,chunk:sha256:1288d040dc00f6842c6ab44920ceef403fe16fb12931206bb89c273563393ddf,8,2,6,12.040172576904297,False
bge_small__rrf60__medcpt_ce__d20,q12-plv-contamination-control,chunk:sha256:9a6c2fa6e7bf411d7073017ffee17313f1dd2d84b5b4647b6abcd1e5e6f8e69a,9,6,3,7.638166427612305,False
bge_small__rrf60__medcpt_ce__d20,q12-plv-contamination-control,chunk:sha256:751ec5f5673635a5fed72675a003cf9c9367cea26e7a4738d8356ce096d7b3d7,10,5,5,9.446008682250977,False
bge_small__rrf60__medcpt_ce__d20,q12-plv-contamination-control,chunk:sha256:969aa3e640929618e130ec46e170dee7cca8f40c6070202cef83a7be9e6c779a,11,3,8,10.580244064331055,False
bge_small__rrf60__medcpt_ce__d20,q12-plv-contamination-control,chunk:sha256:ab2567776f4676efa9e715bf63f3678dfeca51940a91c582a354fd8fe72d8708,12,20,-8,-8.988580703735352,False
bge_small__rrf60__medcpt_ce__d20,q12-plv-contamination-control,chunk:sha256:097f63cec662beb5860a41a0024b8c8ecf8099cc6d0d64affd1ee47c112b3555,13,19,-6,-7.751307487487793,False
bge_small__rrf60__medcpt_ce__d20,q12-plv-contamination-control,chunk:sha256:c07708c03afe0927b7cfc7908b640f4eca8aff1f1a424fe5090f2fe06797f7b1,14,10,4,0.6594312787055969,False
bge_small__rrf60__medcpt_ce__d20,q12-plv-contamination-control,chunk:sha256:b8421bcd7ca359165d2c84b54e4734e981c2650a31294239da2f511ca9949470,15,11,4,-0.20331144332885742,False
bge_small__rrf60__medcpt_ce__d20,q12-plv-contamination-control,chunk:sha256:ed3961df896b1b38f5308f153464d45137e1f503ae96bc166b5be69857bdd0b7,16,14,2,-2.6173293590545654,False
bge_small__rrf60__medcpt_ce__d20,q12-plv-contamination-control,chunk:sha256:c852516a8cd789702aa61d7862848ab773698798129dfcb65087b245ccd6c664,17,12,5,-0.7029047012329102,False
bge_small__rrf60__medcpt_ce__d20,q12-plv-contamination-control,chunk:sha256:eb45729e98321b5790bd05c1d2b2c6ac1b369528a57802be429eaa2758f808ef,18,18,0,-7.084198474884033,False
bge_small__rrf60__medcpt_ce__d20,q12-plv-contamination-control,chunk:sha256:b7fd79a755522a8e4bdd33075f396e0422c5421637dcbfaa2e053b6a8adaf4f8,19,8,11,3.4114625453948975,False
bge_small__rrf60__medcpt_ce__d20,q12-plv-contamination-control,chunk:sha256:bcf5c8e512d72b91526d42e38b64196ea7b7683055434808a08112fc0974c28d,20,7,13,5.338815689086914,False
bge_small__rrf60__medcpt_ce__d20,q13-viralrecall-limitations,chunk:sha256:f13056c7ec2fb1aa5a8ba09ed7c2345a4817b3d642c8609c7ae6330158ae2988,1,1,0,15.952428817749023,True
bge_small__rrf60__medcpt_ce__d20,q13-viralrecall-limitations,chunk:sha256:7ea2117e542bfa39a9361f79793b1897923481485ba4ad4a917d60fa91a61c06,2,7,-5,15.527010917663574,False
bge_small__rrf60__medcpt_ce__d20,q13-viralrecall-limitations,chunk:sha256:434fda2a08cc51e64816bf2b792417f3ad432f5ef148e7bcecb5e8c00276a8ac,3,12,-9,12.380319595336914,False
bge_small__rrf60__medcpt_ce__d20,q13-viralrecall-limitations,chunk:sha256:149cc5d8b6eccee74d9d9ca6989c0352b9b94169f739747e38cbad1a65d90a75,4,16,-12,-3.4906907081604004,False
bge_small__rrf60__medcpt_ce__d20,q13-viralrecall-limitations,chunk:sha256:5f014cc70509c528988551fe3e4b2f91de12ce098f9cf5fd23b53b79a6354f8a,5,4,1,15.865228652954102,False
bge_small__rrf60__medcpt_ce__d20,q13-viralrecall-limitations,chunk:sha256:a7e00ea2c148f6e366c9a61fef10277de90d0723efef7d14c2bfa7710b8ccb90,6,8,-2,15.467610359191895,False
bge_small__rrf60__medcpt_ce__d20,q13-viralrecall-limitations,chunk:sha256:41fe03f5abf525460688db1a0dbef342896f1c12d863ceb2d4872bd4e6360e62,7,3,4,15.880928039550781,False
bge_small__rrf60__medcpt_ce__d20,q13-viralrecall-limitations,chunk:sha256:d517da2fbd334afbbe7e31d0c8714a65aefcd18896b2610e040dd441e88d4972,8,13,-5,4.802282333374023,False
bge_small__rrf60__medcpt_ce__d20,q13-viralrecall-limitations,chunk:sha256:457145f8656db12167ed529ff17205aa82e9489f42382be3a9723ad96808d6a1,9,2,7,15.933172225952148,False
bge_small__rrf60__medcpt_ce__d20,q13-viralrecall-limitations,chunk:sha256:ec3b7821f7640cc8606385b1d909d4943bfae65571b9460c01857d5c46fb8d31,10,15,-5,-3.183560371398926,False
bge_small__rrf60__medcpt_ce__d20,q13-viralrecall-limitations,chunk:sha256:82e24880d12396739da426accae9ec544351240e6bb635fc16239b2414d0df2b,11,18,-7,-8.78374195098877,False
bge_small__rrf60__medcpt_ce__d20,q13-viralrecall-limitations,chunk:sha256:c208dd3f469543145ec0f8179363c573665be2df6e403f29e12f3f8902baf625,12,5,7,15.802132606506348,False
bge_small__rrf60__medcpt_ce__d20,q13-viralrecall-limitations,chunk:sha256:1414c7be9b1b8d86106b33a70edaaf63ac72ee8ec24a2430b6101e24181cbffc,13,10,3,15.057132720947266,False
bge_small__rrf60__medcpt_ce__d20,q13-viralrecall-limitations,chunk:sha256:daafb592742921286c7cf1cbcd7051170d6b4464c69cd7082af4564e45bbe17f,14,17,-3,-3.984520435333252,False
bge_small__rrf60__medcpt_ce__d20,q13-viralrecall-limitations,chunk:sha256:5824bd5152b5122c12cda8a9e7117b083c22d5227eb5a86ef60674e34f2d22b2,15,11,4,14.58315372467041,False
bge_small__rrf60__medcpt_ce__d20,q13-viralrecall-limitations,chunk:sha256:7cc653e0819e4ddadee5f37fd3fe8672ab9be2f4bad73c52cf73162fbc824efc,16,14,2,-3.035771369934082,False
bge_small__rrf60__medcpt_ce__d20,q13-viralrecall-limitations,chunk:sha256:472b1a5a75e2eaa094d10f61aab0daab6122d97d3858913ade7eef07fe2b1ca4,17,19,-2,-8.787033081054688,False
bge_small__rrf60__medcpt_ce__d20,q13-viralrecall-limitations,chunk:sha256:96ab42d31999993af7c1ce32f0f64fbde3e1d3f7ba72effb6f5539907a8c7dd3,18,9,9,15.39736270904541,False
bge_small__rrf60__medcpt_ce__d20,q13-viralrecall-limitations,chunk:sha256:2dc8184db32cc456858fc41ee72b1541430a624bb930eef63d247d6da188ab77,19,6,13,15.566701889038086,False
bge_small__rrf60__medcpt_ce__d20,q13-viralrecall-limitations,chunk:sha256:32f9b52bf342df1c629ab5ba358c626faddc3cb1551361d8610ce795fc24213f,20,20,0,-13.745038986206055,False
medcpt_biencoder_768d__fts_dense_summary__rrf60__medcpt_ce__d20,q01-polinton-virion-evidence,chunk:sha256:e7b8b6084ea250d137cd3683868d0f22c79f1e53847c66b32876dc953167ecb6,1,2,-1,15.452953338623047,False
medcpt_biencoder_768d__fts_dense_summary__rrf60__medcpt_ce__d20,q01-polinton-virion-evidence,chunk:sha256:76fe792b5e0f5d3b6235dfb5c6654f9059e76683f215b74859df7c61e8c48b0e,2,5,-3,14.54076862335205,False
medcpt_biencoder_768d__fts_dense_summary__rrf60__medcpt_ce__d20,q01-polinton-virion-evidence,chunk:sha256:f4dc4ee380d0709b63877b8e0505c25fa962748c8789b475304110ad6dd069ad,3,3,0,15.37269401550293,True
medcpt_biencoder_768d__fts_dense_summary__rrf60__medcpt_ce__d20,q01-polinton-virion-evidence,chunk:sha256:9e9070679b743330ea616a0174fae466564f3bb762dc0ee6bf1fd69466263c71,4,18,-14,-8.051037788391113,False
medcpt_biencoder_768d__fts_dense_summary__rrf60__medcpt_ce__d20,q01-polinton-virion-evidence,chunk:sha256:e70d9be6eed2ca6ad43db94a31a6064a6efab2c8b30de7959b22be349484f2b9,5,12,-7,-3.235159397125244,False
medcpt_biencoder_768d__fts_dense_summary__rrf60__medcpt_ce__d20,q01-polinton-virion-evidence,chunk:sha256:e43db974e44b2039100a48082a26a3daf3aee6e223b0c0887d8d06c0a5dc838d,6,19,-13,-8.455835342407227,False
medcpt_biencoder_768d__fts_dense_summary__rrf60__medcpt_ce__d20,q01-polinton-virion-evidence,chunk:sha256:c5a80d183ccbd21077142bb18d35e858b023976ebf965745e6d073bf731ababd,7,9,-2,6.128039836883545,False
medcpt_biencoder_768d__fts_dense_summary__rrf60__medcpt_ce__d20,q01-polinton-virion-evidence,chunk:sha256:54051b7d4af4a328fdc5da9e5b72e9dba79fac52939671a294d7f0b3fb907554,8,1,7,15.593472480773926,False
medcpt_biencoder_768d__fts_dense_summary__rrf60__medcpt_ce__d20,q01-polinton-virion-evidence,chunk:sha256:817b3e52e6d3cd92b647ec56d4ca59ed514cdc20c5028491ed82447936d793cd,9,6,3,14.34852409362793,False
medcpt_biencoder_768d__fts_dense_summary__rrf60__medcpt_ce__d20,q01-polinton-virion-evidence,chunk:sha256:39d9f77699a355c7b7e046c429a0fde770b7832bb92cf9db106dbb62bdf5ec9e,10,8,2,9.674875259399414,False
medcpt_biencoder_768d__fts_dense_summary__rrf60__medcpt_ce__d20,q01-polinton-virion-evidence,chunk:sha256:e330bd5f85bd88ee7c57b61d48e5accbcce6a626135f1aa24079009009ae90be,11,14,-3,-3.5186071395874023,False
medcpt_biencoder_768d__fts_dense_summary__rrf60__medcpt_ce__d20,q01-polinton-virion-evidence,chunk:sha256:4b4cd7c537fcaa140c7c6d6e916a130a650cc348106e2c36683117eac6e851f7,12,13,-1,-3.465275764465332,False
medcpt_biencoder_768d__fts_dense_summary__rrf60__medcpt_ce__d20,q01-polinton-virion-evidence,chunk:sha256:23dfc40729dae5cbc672fcc442e23be2dd9f4613bae5991d5f0d8afe228b0b65,13,4,9,15.277909278869629,False
medcpt_biencoder_768d__fts_dense_summary__rrf60__medcpt_ce__d20,q01-polinton-virion-evidence,chunk:sha256:d49b9e71d5f1ed09117397f5e6dd12df58c859d9e457f115cdfc2921f9176564,14,17,-3,-6.322000503540039,False
medcpt_biencoder_768d__fts_dense_summary__rrf60__medcpt_ce__d20,q01-polinton-virion-evidence,chunk:sha256:8cf46d6c6a39a425032baf41c25053d18a549e6d9e2de8c74ea013c91eef4a29,15,7,8,12.380765914916992,False
medcpt_biencoder_768d__fts_dense_summary__rrf60__medcpt_ce__d20,q01-polinton-virion-evidence,chunk:sha256:7491dfe25dd8bc4344abfdbcc7fc309a9a46b8d94d6fdf636480e77076e07408,16,16,0,-4.830976486206055,False
medcpt_biencoder_768d__fts_dense_summary__rrf60__medcpt_ce__d20,q01-polinton-virion-evidence,chunk:sha256:f3ebb9c1d6e4c44d7b7d2cf05e0546d15e5d952b9506625c50d43ffa569268a5,17,15,2,-4.4134979248046875,False
medcpt_biencoder_768d__fts_dense_summary__rrf60__medcpt_ce__d20,q01-polinton-virion-evidence,chunk:sha256:e0c56e08fb66dc4962056903ee22382b3fbdfa90d748f3b5533fd1d9784702e3,18,20,-2,-11.334003448486328,False
medcpt_biencoder_768d__fts_dense_summary__rrf60__medcpt_ce__d20,q01-polinton-virion-evidence,chunk:sha256:01b191c011a9b225b7811079faaf38f6126c9fdbd0d7f0cce4dba3c2f5f9836e,19,11,8,1.9461636543273926,False
medcpt_biencoder_768d__fts_dense_summary__rrf60__medcpt_ce__d20,q01-polinton-virion-evidence,chunk:sha256:a85948688ed5cebb6d7209e59addcccacf0265c04cde6d5a66aeea51b6a88e35,20,10,10,2.8292784690856934,False
medcpt_biencoder_768d__fts_dense_summary__rrf60__medcpt_ce__d20,q02-plv-metagenome-discovery,chunk:sha256:daafb592742921286c7cf1cbcd7051170d6b4464c69cd7082af4564e45bbe17f,1,1,0,15.949030876159668,False
medcpt_biencoder_768d__fts_dense_summary__rrf60__medcpt_ce__d20,q02-plv-metagenome-discovery,chunk:sha256:b370b544f83a771b0b3d3e5ccf3648c899e48c37756b9c21e53c337072a53164,2,15,-13,-3.818326473236084,False
medcpt_biencoder_768d__fts_dense_summary__rrf60__medcpt_ce__d20,q02-plv-metagenome-discovery,chunk:sha256:7cc653e0819e4ddadee5f37fd3fe8672ab9be2f4bad73c52cf73162fbc824efc,3,3,0,15.766857147216797,False
medcpt_biencoder_768d__fts_dense_summary__rrf60__medcpt_ce__d20,q02-plv-metagenome-discovery,chunk:sha256:7b475a032c9c7e5a522e5f83292d0e6ea5c3e840e0c83b87baf3ef99aacc0655,4,10,-6,9.253642082214355,False
medcpt_biencoder_768d__fts_dense_summary__rrf60__medcpt_ce__d20,q02-plv-metagenome-discovery,chunk:sha256:82e24880d12396739da426accae9ec544351240e6bb635fc16239b2414d0df2b,5,5,0,15.299688339233398,False
medcpt_biencoder_768d__fts_dense_summary__rrf60__medcpt_ce__d20,q02-plv-metagenome-discovery,chunk:sha256:8c619795074e574aee872273f60804d5cfd9b522f6dc1615d1535a3b72bdb096,6,19,-13,-8.738188743591309,False
medcpt_biencoder_768d__fts_dense_summary__rrf60__medcpt_ce__d20,q02-plv-metagenome-discovery,chunk:sha256:89220145f20ffcdf958f51e9c40ef4f29cd6b233b4b072c94020090babaa6961,7,12,-5,5.020132064819336,False
medcpt_biencoder_768d__fts_dense_summary__rrf60__medcpt_ce__d20,q02-plv-metagenome-discovery,chunk:sha256:cdb133c32c0e517e04928fe54d9af7fdce6d755cbfd6ced9d883651f66d1959d,8,9,-1,11.455564498901367,False
medcpt_biencoder_768d__fts_dense_summary__rrf60__medcpt_ce__d20,q02-plv-metagenome-discovery,chunk:sha256:380198c129d9aa70cc5c17e9dc51b9053976fd402aa2b6fef38c8186f88e5cea,9,20,-11,-11.137408256530762,False
medcpt_biencoder_768d__fts_dense_summary__rrf60__medcpt_ce__d20,q02-plv-metagenome-discovery,chunk:sha256:d3afb458b4f3b12b3d16ebb2a0486657c8f6d7061333cc65ed5a64d72148228e,10,7,3,12.837159156799316,False
medcpt_biencoder_768d__fts_dense_summary__rrf60__medcpt_ce__d20,q02-plv-metagenome-discovery,chunk:sha256:f2cec6912b839b157636080e0a9940260c3c8b67f226292145f247c5d0e9aa45,11,14,-3,-1.9228733777999878,False
medcpt_biencoder_768d__fts_dense_summary__rrf60__medcpt_ce__d20,q02-plv-metagenome-discovery,chunk:sha256:20c1648066de7341f6f3868d6b4eb7bd4e029a93a06be6f92c7e8380c509657e,12,18,-6,-8.696033477783203,False
medcpt_biencoder_768d__fts_dense_summary__rrf60__medcpt_ce__d20,q02-plv-metagenome-discovery,chunk:sha256:bb7325a4a1c5eac4f21e9ed6b4ee50a489de5b3d5af85924ce92d183175f8dab,13,16,-3,-3.9482553005218506,False
medcpt_biencoder_768d__fts_dense_summary__rrf60__medcpt_ce__d20,q02-plv-metagenome-discovery,chunk:sha256:32f9b52bf342df1c629ab5ba358c626faddc3cb1551361d8610ce795fc24213f,14,8,6,12.192575454711914,True
medcpt_biencoder_768d__fts_dense_summary__rrf60__medcpt_ce__d20,q02-plv-metagenome-discovery,chunk:sha256:41b0e4f1dfd3be211c51a22e59e138e92a9fcce1622952edcc1a52661ab3131d,15,11,4,5.4695000648498535,False
medcpt_biencoder_768d__fts_dense_summary__rrf60__medcpt_ce__d20,q02-plv-metagenome-discovery,chunk:sha256:be1e645efbd8433304ef9932c1013fb94632b2ed9b92f2a6e4bf9ae2ba5ed918,16,13,3,3.4461073875427246,False
medcpt_biencoder_768d__fts_dense_summary__rrf60__medcpt_ce__d20,q02-plv-metagenome-discovery,chunk:sha256:d517da2fbd334afbbe7e31d0c8714a65aefcd18896b2610e040dd441e88d4972,17,6,11,13.803045272827148,False
medcpt_biencoder_768d__fts_dense_summary__rrf60__medcpt_ce__d20,q02-plv-metagenome-discovery,chunk:sha256:c668d6e6be2d47f2a2d3f1818f8cff922078a0e1cdd1d6cdfd9822c3d64fa5d5,18,4,14,15.392539024353027,False
medcpt_biencoder_768d__fts_dense_summary__rrf60__medcpt_ce__d20,q02-plv-metagenome-discovery,chunk:sha256:c8dfa352fa8edc9ba70978bc62700ae4c8bfe7cf7d182c24441cac074d024039,19,17,2,-6.643784999847412,False
medcpt_biencoder_768d__fts_dense_summary__rrf60__medcpt_ce__d20,q02-plv-metagenome-discovery,chunk:sha256:472b1a5a75e2eaa094d10f61aab0daab6122d97d3858913ade7eef07fe2b1ca4,20,2,18,15.793336868286133,False
medcpt_biencoder_768d__fts_dense_summary__rrf60__medcpt_ce__d20,q03-aquatic-plv-abundance,chunk:sha256:472b1a5a75e2eaa094d10f61aab0daab6122d97d3858913ade7eef07fe2b1ca4,1,1,0,15.963648796081543,True
medcpt_biencoder_768d__fts_dense_summary__rrf60__medcpt_ce__d20,q03-aquatic-plv-abundance,chunk:sha256:daafb592742921286c7cf1cbcd7051170d6b4464c69cd7082af4564e45bbe17f,2,3,-1,15.952277183532715,False
medcpt_biencoder_768d__fts_dense_summary__rrf60__medcpt_ce__d20,q03-aquatic-plv-abundance,chunk:sha256:ab2567776f4676efa9e715bf63f3678dfeca51940a91c582a354fd8fe72d8708,3,15,-12,-5.880362033843994,False
medcpt_biencoder_768d__fts_dense_summary__rrf60__medcpt_ce__d20,q03-aquatic-plv-abundance,chunk:sha256:d517da2fbd334afbbe7e31d0c8714a65aefcd18896b2610e040dd441e88d4972,4,6,-2,13.198860168457031,False
medcpt_biencoder_768d__fts_dense_summary__rrf60__medcpt_ce__d20,q03-aquatic-plv-abundance,chunk:sha256:c668d6e6be2d47f2a2d3f1818f8cff922078a0e1cdd1d6cdfd9822c3d64fa5d5,5,7,-2,10.235740661621094,False
medcpt_biencoder_768d__fts_dense_summary__rrf60__medcpt_ce__d20,q03-aquatic-plv-abundance,chunk:sha256:c01d0622a2d7167a24f978189cee1b8f920a2ae8c887b848b0f262d23018dd80,6,5,1,14.598322868347168,False
medcpt_biencoder_768d__fts_dense_summary__rrf60__medcpt_ce__d20,q03-aquatic-plv-abundance,chunk:sha256:097f63cec662beb5860a41a0024b8c8ecf8099cc6d0d64affd1ee47c112b3555,7,13,-6,-5.392019748687744,False
medcpt_biencoder_768d__fts_dense_summary__rrf60__medcpt_ce__d20,q03-aquatic-plv-abundance,chunk:sha256:cb52107a71036bedebaedfbbe01016b85a7f7fde11d82966956497cf2a37a19b,8,2,6,15.954025268554688,False
medcpt_biencoder_768d__fts_dense_summary__rrf60__medcpt_ce__d20,q03-aquatic-plv-abundance,chunk:sha256:4372fc5b45a1c740257c67cedf3808725c353dc85a28ece74a568792ef8ab692,9,9,0,7.011260986328125,False
medcpt_biencoder_768d__fts_dense_summary__rrf60__medcpt_ce__d20,q03-aquatic-plv-abundance,chunk:sha256:6d81702b9750716e7a4ef8aa821e35afa09ded00aa88848ee508b12e40998b76,10,18,-8,-9.313434600830078,False
medcpt_biencoder_768d__fts_dense_summary__rrf60__medcpt_ce__d20,q03-aquatic-plv-abundance,chunk:sha256:b9ed4e49d1c74bb35344fd518e978ecf22dd50631ce75f806c4e4831aef028b8,11,19,-8,-10.93562126159668,False
medcpt_biencoder_768d__fts_dense_summary__rrf60__medcpt_ce__d20,q03-aquatic-plv-abundance,chunk:sha256:0ea0e13add9f40d35af545d41c14d64f35e129d11b7ebc77d4662b11a564caa1,12,8,4,9.28858757019043,False
medcpt_biencoder_768d__fts_dense_summary__rrf60__medcpt_ce__d20,q03-aquatic-plv-abundance,chunk:sha256:6ef2102c5d2f130d269310e413c7e01cb5f4060952e7bf8e65f3ea6465241349,13,17,-4,-9.054826736450195,False
medcpt_biencoder_768d__fts_dense_summary__rrf60__medcpt_ce__d20,q03-aquatic-plv-abundance,chunk:sha256:8f6204144e51522637ea9075770358d8d50a3bb847a474c2a77228c92dcdd61a,14,10,4,-4.216427803039551,False
medcpt_biencoder_768d__fts_dense_summary__rrf60__medcpt_ce__d20,q03-aquatic-plv-abundance,chunk:sha256:fdf4aba76e979282eb78846c02a71b3b40ae5b4e9f1d15e5598a8c9af62d039b,15,20,-5,-11.33493423461914,False
medcpt_biencoder_768d__fts_dense_summary__rrf60__medcpt_ce__d20,q03-aquatic-plv-abundance,chunk:sha256:ca2a84a36e77f6d72d3e28047ff4b1d1f44472fbf6d88d299ebe6e7da0a5f726,16,11,5,-4.416645526885986,False
medcpt_biencoder_768d__fts_dense_summary__rrf60__medcpt_ce__d20,q03-aquatic-plv-abundance,chunk:sha256:c091e7dea7724337054b74fa181c672e4f95bd9f6c540c910d28ee90d4825620,17,16,1,-8.888711929321289,False
medcpt_biencoder_768d__fts_dense_summary__rrf60__medcpt_ce__d20,q03-aquatic-plv-abundance,chunk:sha256:b0dcca2c44a6e7c4e7b5cec451d266ac636b0683b55db9ed4c30c9f95ff41ea1,18,12,6,-5.265835285186768,False
medcpt_biencoder_768d__fts_dense_summary__rrf60__medcpt_ce__d20,q03-aquatic-plv-abundance,chunk:sha256:44592a1a4fa929b35e9b66876a7e7f8a1bb5b297b7c2716e452c5ccec0e7081d,19,14,5,-5.6198883056640625,False
medcpt_biencoder_768d__fts_dense_summary__rrf60__medcpt_ce__d20,q03-aquatic-plv-abundance,chunk:sha256:751ec5f5673635a5fed72675a003cf9c9367cea26e7a4738d8356ce096d7b3d7,20,4,16,15.771696090698242,False
medcpt_biencoder_768d__fts_dense_summary__rrf60__medcpt_ce__d20,q04-viralrecall-method,chunk:sha256:434fda2a08cc51e64816bf2b792417f3ad432f5ef148e7bcecb5e8c00276a8ac,1,2,-1,15.882020950317383,False
medcpt_biencoder_768d__fts_dense_summary__rrf60__medcpt_ce__d20,q04-viralrecall-method,chunk:sha256:7ea2117e542bfa39a9361f79793b1897923481485ba4ad4a917d60fa91a61c06,2,1,1,15.928570747375488,True
medcpt_biencoder_768d__fts_dense_summary__rrf60__medcpt_ce__d20,q04-viralrecall-method,chunk:sha256:149cc5d8b6eccee74d9d9ca6989c0352b9b94169f739747e38cbad1a65d90a75,3,5,-2,13.321004867553711,False
medcpt_biencoder_768d__fts_dense_summary__rrf60__medcpt_ce__d20,q04-viralrecall-method,chunk:sha256:a319d260650e759c5b5b13b4f24b226b0ab9cb28b397d08f92c4f8c30088cc2d,4,6,-2,9.527491569519043,False
medcpt_biencoder_768d__fts_dense_summary__rrf60__medcpt_ce__d20,q04-viralrecall-method,chunk:sha256:88abd146d770d4115c8ca6de0ae5ad274e48ea2bc21616a68e750f5578d79687,5,18,-13,-8.77495002746582,False
medcpt_biencoder_768d__fts_dense_summary__rrf60__medcpt_ce__d20,q04-viralrecall-method,chunk:sha256:e565f4f926abed00a7ea583826d93cd96e851f00c3e57a78aad40f5c902bc806,6,12,-6,-5.840651512145996,False
medcpt_biencoder_768d__fts_dense_summary__rrf60__medcpt_ce__d20,q04-viralrecall-method,chunk:sha256:02dc0d6e663c3653adc908de6a923958b002c54f5bc56719871ae9556168c696,7,20,-13,-11.191524505615234,False
medcpt_biencoder_768d__fts_dense_summary__rrf60__medcpt_ce__d20,q04-viralrecall-method,chunk:sha256:9b15de42ce950b533fc8e64eac9901452dd38249066d03d3f87fab6461ec02b9,8,17,-9,-8.645724296569824,False
medcpt_biencoder_768d__fts_dense_summary__rrf60__medcpt_ce__d20,q04-viralrecall-method,chunk:sha256:1b7c8cbd36dfcb7d9139e0c6967e50da684f2a84b55b301d2b545a897261e757,9,7,2,4.479893684387207,False
medcpt_biencoder_768d__fts_dense_summary__rrf60__medcpt_ce__d20,q04-viralrecall-method,chunk:sha256:3757f5ac502705697a73a57e458abf93b8e092f190ad88658c5137ccf5ea9ca8,10,8,2,1.9972282648086548,False
medcpt_biencoder_768d__fts_dense_summary__rrf60__medcpt_ce__d20,q04-viralrecall-method,chunk:sha256:2322a8e082bdf2c1ec4724b9f7fc174d11cb5ef876ebba4de0a4811e96facef1,11,9,2,0.33416301012039185,False
medcpt_biencoder_768d__fts_dense_summary__rrf60__medcpt_ce__d20,q04-viralrecall-method,chunk:sha256:27b160131561f630c735b62897cf4fb5dfe1c3853a2af4c7ee613309e5b388c2,12,11,1,-5.260273456573486,False
medcpt_biencoder_768d__fts_dense_summary__rrf60__medcpt_ce__d20,q04-viralrecall-method,chunk:sha256:f9fb3889514e9b33b220bda69c99f83b6507b92ec5cb5189e53e7d9f0c985961,13,3,10,15.317310333251953,False
medcpt_biencoder_768d__fts_dense_summary__rrf60__medcpt_ce__d20,q04-viralrecall-method,chunk:sha256:a1e457798e9b44005a513f9e850f909ee7a0a34950db857f4555d416a548a882,14,13,1,-7.715559005737305,False
medcpt_biencoder_768d__fts_dense_summary__rrf60__medcpt_ce__d20,q04-viralrecall-method,chunk:sha256:903d290c7e69ebb24aac591243c7ce9ca0f26c528652af97938e230c917b3b7f,15,15,0,-8.264104843139648,False
medcpt_biencoder_768d__fts_dense_summary__rrf60__medcpt_ce__d20,q04-viralrecall-method,chunk:sha256:16808c5c44cef4da2444eb8e0fb40ff5117ccdaae4f3be64e2737682009f163f,16,16,0,-8.264104843139648,False
medcpt_biencoder_768d__fts_dense_summary__rrf60__medcpt_ce__d20,q04-viralrecall-method,chunk:sha256:50ec4ba3674b74a1f5944417eae1f56177b4c50582786513b82f0e8edd523024,17,14,3,-7.995016098022461,False
medcpt_biencoder_768d__fts_dense_summary__rrf60__medcpt_ce__d20,q04-viralrecall-method,chunk:sha256:f4aa5e68dceb5776457688eed92f8ff6cbe1768d49018841b239c33cda6daa2f,18,19,-1,-10.055241584777832,False
medcpt_biencoder_768d__fts_dense_summary__rrf60__medcpt_ce__d20,q04-viralrecall-method,chunk:sha256:854cfa52190211ae8c355d79eb369c97b6a152ded6a1be3b30b19f3404be9e4b,19,10,9,-2.488086700439453,False
medcpt_biencoder_768d__fts_dense_summary__rrf60__medcpt_ce__d20,q04-viralrecall-method,chunk:sha256:bedeb6bce4a46e16b9fb1dba744ec75a7abadc20247308f7b7465c525cb06a2e,20,4,16,13.840530395507812,False
medcpt_biencoder_768d__fts_dense_summary__rrf60__medcpt_ce__d20,q05-geve-database-scope,chunk:sha256:aea6bd74994125acb8a532cc9c0386f895aaee54d6b6a1764b47c5a3c47fe0cc,1,3,-2,13.336913108825684,True
medcpt_biencoder_768d__fts_dense_summary__rrf60__medcpt_ce__d20,q05-geve-database-scope,chunk:sha256:0b53bc20a8b76f1d4b6683a1a7e102d31830c6741a991b2535daed019b7db43d,2,4,-2,11.126895904541016,False
medcpt_biencoder_768d__fts_dense_summary__rrf60__medcpt_ce__d20,q05-geve-database-scope,chunk:sha256:ec3b7821f7640cc8606385b1d909d4943bfae65571b9460c01857d5c46fb8d31,3,2,1,14.791213035583496,False
medcpt_biencoder_768d__fts_dense_summary__rrf60__medcpt_ce__d20,q05-geve-database-scope,chunk:sha256:aa507fc9eae38ee7705dd54ac1cb08bf1767568ddb104494722f42731f54aee0,4,9,-5,-3.0750019550323486,False
medcpt_biencoder_768d__fts_dense_summary__rrf60__medcpt_ce__d20,q05-geve-database-scope,chunk:sha256:49d8f88d59182a14364171038c5b51d1ac9ca2a8aa985ecfeb45002818e99f80,5,6,-1,9.593076705932617,False
medcpt_biencoder_768d__fts_dense_summary__rrf60__medcpt_ce__d20,q05-geve-database-scope,chunk:sha256:09d90a5a77d8e7a3fc49f4871f1486d147a9b97c9b183b3e0bc5257f79bbb3c0,6,1,5,15.439443588256836,False
medcpt_biencoder_768d__fts_dense_summary__rrf60__medcpt_ce__d20,q05-geve-database-scope,chunk:sha256:97748fe5c7234bc948734a3af52e645b3c3785d3a0d06ea61b653ed263b03588,7,10,-3,-4.207712173461914,False
medcpt_biencoder_768d__fts_dense_summary__rrf60__medcpt_ce__d20,q05-geve-database-scope,chunk:sha256:0e783c93873303ebdd2b112d628f35d462668e8fe8fc49859ad4acea6164d6ca,8,5,3,9.94978141784668,False
medcpt_biencoder_768d__fts_dense_summary__rrf60__medcpt_ce__d20,q05-geve-database-scope,chunk:sha256:6f8eb770a4600ed5451c48d6ab80b4a1c44ac3de2de96025272009ad5fe21597,9,18,-9,-13.669506072998047,False
medcpt_biencoder_768d__fts_dense_summary__rrf60__medcpt_ce__d20,q05-geve-database-scope,chunk:sha256:7fa2e3b2b181fa4d3a39d7c3891fbde2f7b71569817f5351940d63a7845ce5de,10,12,-2,-9.757323265075684,False
medcpt_biencoder_768d__fts_dense_summary__rrf60__medcpt_ce__d20,q05-geve-database-scope,chunk:sha256:d528bcaec2d742ce9613c86bf227304b2104a25958b7405144864508d06b9039,11,19,-8,-14.004125595092773,False
medcpt_biencoder_768d__fts_dense_summary__rrf60__medcpt_ce__d20,q05-geve-database-scope,chunk:sha256:58cd7c326e2c3e01baac62cfa1f79c4948ff9c992d600a47e3f8c8b93ede459c,12,11,1,-5.946221828460693,False
medcpt_biencoder_768d__fts_dense_summary__rrf60__medcpt_ce__d20,q05-geve-database-scope,chunk:sha256:d6f56ed352fbba7f2d0400a37b00d4c2a42050eb5ef0adeee850928f4b0e3529,13,8,5,7.645322799682617,False
medcpt_biencoder_768d__fts_dense_summary__rrf60__medcpt_ce__d20,q05-geve-database-scope,chunk:sha256:7ea2117e542bfa39a9361f79793b1897923481485ba4ad4a917d60fa91a61c06,14,15,-1,-11.433589935302734,False
medcpt_biencoder_768d__fts_dense_summary__rrf60__medcpt_ce__d20,q05-geve-database-scope,chunk:sha256:e35538dd6128464b56a3070a2b2c80f6947c8656c15ce9884e1078b0f8fc206c,15,7,8,8.853199005126953,False
medcpt_biencoder_768d__fts_dense_summary__rrf60__medcpt_ce__d20,q05-geve-database-scope,chunk:sha256:2ccc9d3140e3f418ceb7605d4a07fdfd227128416e35280b27a538f94201646b,16,14,2,-10.605423927307129,False
medcpt_biencoder_768d__fts_dense_summary__rrf60__medcpt_ce__d20,q05-geve-database-scope,chunk:sha256:c34e766a913a1bac7133c641f5ae00b870d86292b5bab838dae549d5623720ab,17,13,4,-9.771153450012207,False
medcpt_biencoder_768d__fts_dense_summary__rrf60__medcpt_ce__d20,q05-geve-database-scope,chunk:sha256:32f9b52bf342df1c629ab5ba358c626faddc3cb1551361d8610ce795fc24213f,18,20,-2,-15.596466064453125,False
medcpt_biencoder_768d__fts_dense_summary__rrf60__medcpt_ce__d20,q05-geve-database-scope,chunk:sha256:7347fcfd7a191deb735445600c695b8af002e00a3e0966a7cc38e6b80f0635fc,19,17,2,-12.726573944091797,False
medcpt_biencoder_768d__fts_dense_summary__rrf60__medcpt_ce__d20,q05-geve-database-scope,chunk:sha256:004f235fd7ae603a030a45ce07de5bb187db3d9fade53fee805a1c691761b5a8,20,16,4,-11.448080062866211,False
medcpt_biencoder_768d__fts_dense_summary__rrf60__medcpt_ce__d20,q06-planehopper-eve-cooption,chunk:sha256:b90095720472adb3ae76307cd60241f1abf6c7720127e638f096fe54a1e0ca1c,1,9,-8,-0.31910210847854614,False
medcpt_biencoder_768d__fts_dense_summary__rrf60__medcpt_ce__d20,q06-planehopper-eve-cooption,chunk:sha256:1a9d02d24e42c37f2179339e1de906c26706550c197d7b1f3900972a2f25c3dd,2,2,0,15.076604843139648,False
medcpt_biencoder_768d__fts_dense_summary__rrf60__medcpt_ce__d20,q06-planehopper-eve-cooption,chunk:sha256:049e71ed691b26a265a8ff85c200ad0798fd8ba2f20f3fb0b75e95d3a9b119a9,3,10,-7,-1.806957721710205,False
medcpt_biencoder_768d__fts_dense_summary__rrf60__medcpt_ce__d20,q06-planehopper-eve-cooption,chunk:sha256:0216654deef6f6ec86a71f886dd5c95d8ed107e5f5ab6efff8b7ddc47a7cadae,4,3,1,15.018407821655273,True
medcpt_biencoder_768d__fts_dense_summary__rrf60__medcpt_ce__d20,q06-planehopper-eve-cooption,chunk:sha256:58b311f5d393fd6d55b05eaec5aa6f6683ae49a1475a7aee5f586aa5e80429c0,5,12,-7,-6.304816722869873,False
medcpt_biencoder_768d__fts_dense_summary__rrf60__medcpt_ce__d20,q06-planehopper-eve-cooption,chunk:sha256:3324cd3710941936ac5f925f0166fcbd11d19dd3dd5a052a7ba50ad94e9a076c,6,1,5,15.443960189819336,False
medcpt_biencoder_768d__fts_dense_summary__rrf60__medcpt_ce__d20,q06-planehopper-eve-cooption,chunk:sha256:ce98f95d5e34f9d1c48d633b814d816479cd2c9240ee44ccc47a15fb673503f5,7,13,-6,-6.304816722869873,False
medcpt_biencoder_768d__fts_dense_summary__rrf60__medcpt_ce__d20,q06-planehopper-eve-cooption,chunk:sha256:6bb4c2d5e652d373ac8a6b54d0cce164784debc38480815b3f1e39385a0a807b,8,6,2,8.18761920928955,False
medcpt_biencoder_768d__fts_dense_summary__rrf60__medcpt_ce__d20,q06-planehopper-eve-cooption,chunk:sha256:c210c7ef342161088e4eaaf956388895ac5fa60128cc14838c0df244eb028a96,9,11,-2,-6.1377105712890625,False
medcpt_biencoder_768d__fts_dense_summary__rrf60__medcpt_ce__d20,q06-planehopper-eve-cooption,chunk:sha256:e356b49b5da8d8058d4dfc2349494d3b7ef23dcbfff1111422b334b91d8697d8,10,14,-4,-6.584181785583496,False
medcpt_biencoder_768d__fts_dense_summary__rrf60__medcpt_ce__d20,q06-planehopper-eve-cooption,chunk:sha256:6c04b8beabb29d27c4454f1c46fb5e27a404760b3cc6cb5ae082a34b55bbea05,11,15,-4,-6.584181785583496,False
medcpt_biencoder_768d__fts_dense_summary__rrf60__medcpt_ce__d20,q06-planehopper-eve-cooption,chunk:sha256:146b0adf7033cc2bb7027a89f9dba8e20f5cf8f276047f811ed04146eedcb6a1,12,8,4,4.235035419464111,False
medcpt_biencoder_768d__fts_dense_summary__rrf60__medcpt_ce__d20,q06-planehopper-eve-cooption,chunk:sha256:a291955b3efa86c23b0e3ffb732767a905cc7297881755d9173b406a5295f220,13,17,-4,-6.956122875213623,False
medcpt_biencoder_768d__fts_dense_summary__rrf60__medcpt_ce__d20,q06-planehopper-eve-cooption,chunk:sha256:b3602203c0630537a0e9670346ed19fe956272d47d77aeb55a80a3397234b97d,14,18,-4,-6.956122875213623,False
medcpt_biencoder_768d__fts_dense_summary__rrf60__medcpt_ce__d20,q06-planehopper-eve-cooption,chunk:sha256:ce9e37b5c905659d0f52d30ea7b619b5d4cfe3f09badbdf56e4011423610ba89,15,7,8,5.091947555541992,False
medcpt_biencoder_768d__fts_dense_summary__rrf60__medcpt_ce__d20,q06-planehopper-eve-cooption,chunk:sha256:48d61d6f0662e01f6c9b876f549f9a5f00466af035d2141ff99b8a26dd9900c4,16,5,11,11.986333847045898,False
medcpt_biencoder_768d__fts_dense_summary__rrf60__medcpt_ce__d20,q06-planehopper-eve-cooption,chunk:sha256:9ba9db6ea7751aeda24295d4222f33f855e2828076d0ca49e174f3586f45a025,17,4,13,13.230476379394531,False
medcpt_biencoder_768d__fts_dense_summary__rrf60__medcpt_ce__d20,q06-planehopper-eve-cooption,chunk:sha256:0e0754886688746ba10a6b9a934017070c304a596471da3b933b87149c3c3316,18,19,-1,-7.257749557495117,False
medcpt_biencoder_768d__fts_dense_summary__rrf60__medcpt_ce__d20,q06-planehopper-eve-cooption,chunk:sha256:06b0ad730adf143c0f9e79a700b65efcdc3cd2b1346f7a7549992bba3f2c3397,19,20,-1,-7.257749557495117,False
medcpt_biencoder_768d__fts_dense_summary__rrf60__medcpt_ce__d20,q06-planehopper-eve-cooption,chunk:sha256:9336f68da0a88e4dddfe740c3ef71339f0519134716ddcb766254991a25a1045,20,16,4,-6.784304618835449,False
medcpt_biencoder_768d__fts_dense_summary__rrf60__medcpt_ce__d20,q07-aedes-efve-expression,chunk:sha256:593ca118251a06803c6f2d072f3152171b942af4d28b21983590d00c1722f416,1,3,-2,15.499374389648438,True
medcpt_biencoder_768d__fts_dense_summary__rrf60__medcpt_ce__d20,q07-aedes-efve-expression,chunk:sha256:688bb7cf95b933cc941df34641d5a0d42b403eb59d169299f7a48be2302b2905,2,1,1,15.871172904968262,False
medcpt_biencoder_768d__fts_dense_summary__rrf60__medcpt_ce__d20,q07-aedes-efve-expression,chunk:sha256:a94c4408bb26c48d2468635d23a0810b86697053567262bef0dafa825a6b727d,3,2,1,15.52169132232666,False
medcpt_biencoder_768d__fts_dense_summary__rrf60__medcpt_ce__d20,q07-aedes-efve-expression,chunk:sha256:392d2d8525fb64b68caa94ff65acaed8dcc3be0449ffea13386ab941917351d5,4,4,0,15.482507705688477,False
medcpt_biencoder_768d__fts_dense_summary__rrf60__medcpt_ce__d20,q07-aedes-efve-expression,chunk:sha256:67fefdec6ab7a440845e7d4eb0f37a9abe0215a0b64b301b53de0fec7c64abd5,5,5,0,12.678912162780762,False
medcpt_biencoder_768d__fts_dense_summary__rrf60__medcpt_ce__d20,q07-aedes-efve-expression,chunk:sha256:735b0136b8f68e0619be3f8bd1c43d64ffe6bc5b52c37658319e4965d2230952,6,14,-8,-6.4184064865112305,False
medcpt_biencoder_768d__fts_dense_summary__rrf60__medcpt_ce__d20,q07-aedes-efve-expression,chunk:sha256:121fc290a1cab29a404d94ed53797a0200a64b3b23776b0f526a5a57a173645e,7,15,-8,-6.4184064865112305,False
medcpt_biencoder_768d__fts_dense_summary__rrf60__medcpt_ce__d20,q07-aedes-efve-expression,chunk:sha256:f449914fa2761118980827ba76148a760daa1f4720ee69b37dba5dc3b763ed65,8,8,0,3.6845641136169434,False
medcpt_biencoder_768d__fts_dense_summary__rrf60__medcpt_ce__d20,q07-aedes-efve-expression,chunk:sha256:1dd7304f21a28fed66affe2a449140a7701683ecc3b7333320d2c77a9c05d8ae,9,20,-11,-13.069626808166504,False
medcpt_biencoder_768d__fts_dense_summary__rrf60__medcpt_ce__d20,q07-aedes-efve-expression,chunk:sha256:c0601582d67c0f6c20400d9ec86aefde6fc5f19ff7bfb9f70e842ba7c41ed114,10,6,4,11.979440689086914,False
medcpt_biencoder_768d__fts_dense_summary__rrf60__medcpt_ce__d20,q07-aedes-efve-expression,chunk:sha256:76b9f1220db2e54f0f639d1f2cee1fe847c27b615acaddc536339e63ae1f5b26,11,7,4,9.388087272644043,False
medcpt_biencoder_768d__fts_dense_summary__rrf60__medcpt_ce__d20,q07-aedes-efve-expression,chunk:sha256:b90095720472adb3ae76307cd60241f1abf6c7720127e638f096fe54a1e0ca1c,12,16,-4,-7.598428726196289,False
medcpt_biencoder_768d__fts_dense_summary__rrf60__medcpt_ce__d20,q07-aedes-efve-expression,chunk:sha256:1a9d02d24e42c37f2179339e1de906c26706550c197d7b1f3900972a2f25c3dd,13,13,0,-2.924468517303467,False
medcpt_biencoder_768d__fts_dense_summary__rrf60__medcpt_ce__d20,q07-aedes-efve-expression,chunk:sha256:24f66577f807d47c9dd51624d457146a3dbe1ec6affd61748558fe2d5a582250,14,12,2,-1.8708891868591309,False
medcpt_biencoder_768d__fts_dense_summary__rrf60__medcpt_ce__d20,q07-aedes-efve-expression,chunk:sha256:212cd5a1601b6774f089cc41271ebc874efd456147043b2f02015b3c2a8d10a0,15,9,6,2.468355894088745,False
medcpt_biencoder_768d__fts_dense_summary__rrf60__medcpt_ce__d20,q07-aedes-efve-expression,chunk:sha256:aea6bd74994125acb8a532cc9c0386f895aaee54d6b6a1764b47c5a3c47fe0cc,16,17,-1,-8.168794631958008,False
medcpt_biencoder_768d__fts_dense_summary__rrf60__medcpt_ce__d20,q07-aedes-efve-expression,chunk:sha256:13d23a768c4099dfcbb559a6ca015d018cfeaa1551bf9454e42c2d5ffb7beefe,17,11,6,-1.5778114795684814,False
medcpt_biencoder_768d__fts_dense_summary__rrf60__medcpt_ce__d20,q07-aedes-efve-expression,chunk:sha256:d528bcaec2d742ce9613c86bf227304b2104a25958b7405144864508d06b9039,18,10,8,1.9965178966522217,False
medcpt_biencoder_768d__fts_dense_summary__rrf60__medcpt_ce__d20,q07-aedes-efve-expression,chunk:sha256:0216654deef6f6ec86a71f886dd5c95d8ed107e5f5ab6efff8b7ddc47a7cadae,19,18,1,-9.02631664276123,False
medcpt_biencoder_768d__fts_dense_summary__rrf60__medcpt_ce__d20,q07-aedes-efve-expression,chunk:sha256:0b53bc20a8b76f1d4b6683a1a7e102d31830c6741a991b2535daed019b7db43d,20,19,1,-10.791422843933105,False
medcpt_biencoder_768d__fts_dense_summary__rrf60__medcpt_ce__d20,q08-maverick-phylogenomics,chunk:sha256:0acd38e425c3a4c0119bdd9c894af36a486ba4bef255fb04217a95a49e8535c7,1,2,-1,15.848273277282715,True
medcpt_biencoder_768d__fts_dense_summary__rrf60__medcpt_ce__d20,q08-maverick-phylogenomics,chunk:sha256:c34e766a913a1bac7133c641f5ae00b870d86292b5bab838dae549d5623720ab,2,7,-5,15.279666900634766,False
medcpt_biencoder_768d__fts_dense_summary__rrf60__medcpt_ce__d20,q08-maverick-phylogenomics,chunk:sha256:e9b8a2747459e1294b635334d590b5931e2c9d441c6f75dbadd7a6e3154b06f2,3,3,0,15.675590515136719,False
medcpt_biencoder_768d__fts_dense_summary__rrf60__medcpt_ce__d20,q08-maverick-phylogenomics,chunk:sha256:0d92e7caa01ceac504d20baa434d46bcdc4c130ab59c3d33d22a71719ed95bab,4,6,-2,15.350046157836914,False
medcpt_biencoder_768d__fts_dense_summary__rrf60__medcpt_ce__d20,q08-maverick-phylogenomics,chunk:sha256:e5cb1e7abc7fae3da459d447bf2c3772adf18ed8401677a436968520aa2ee97f,5,1,4,15.967069625854492,False
medcpt_biencoder_768d__fts_dense_summary__rrf60__medcpt_ce__d20,q08-maverick-phylogenomics,chunk:sha256:0fad5e4b3cafb9726548c7484fb1edecad244af6fedd96193281663bfb90b482,6,8,-2,15.268678665161133,False
medcpt_biencoder_768d__fts_dense_summary__rrf60__medcpt_ce__d20,q08-maverick-phylogenomics,chunk:sha256:6cd14f71fdaf78ddbd4e4e869104ddced12af2a67b22698d53d23f76b208ae22,7,5,2,15.484625816345215,False
medcpt_biencoder_768d__fts_dense_summary__rrf60__medcpt_ce__d20,q08-maverick-phylogenomics,chunk:sha256:d471aad776250ed77e28e25e006be166fe5d9e6b46713e2bc3fed31271a7ae9c,8,12,-4,-0.617403507232666,False
medcpt_biencoder_768d__fts_dense_summary__rrf60__medcpt_ce__d20,q08-maverick-phylogenomics,chunk:sha256:321139f9bd0fc7b027e2cd4aea95b276c0e315c08bcd2599e157c071cd91776f,9,9,0,12.044275283813477,False
medcpt_biencoder_768d__fts_dense_summary__rrf60__medcpt_ce__d20,q08-maverick-phylogenomics,chunk:sha256:400c4ee8e6255a91491a29743b9d68dc76026fae0f313f0ace3c958df56d3253,10,13,-3,-7.144165515899658,False
medcpt_biencoder_768d__fts_dense_summary__rrf60__medcpt_ce__d20,q08-maverick-phylogenomics,chunk:sha256:d73b47160d265af75a2fbc8f99d1157f4031a4ca55b67f26efeb154a774327b1,11,10,1,12.016655921936035,False
medcpt_biencoder_768d__fts_dense_summary__rrf60__medcpt_ce__d20,q08-maverick-phylogenomics,chunk:sha256:79b3187460ca224d3c964f615c179aa81bebf353baca27b85d088397d1f61063,12,17,-5,-9.279702186584473,False
medcpt_biencoder_768d__fts_dense_summary__rrf60__medcpt_ce__d20,q08-maverick-phylogenomics,chunk:sha256:5401cf254f2b5495ea130edad7762902a42d0ea51476a52ebf51b5178cf6e00c,13,20,-7,-13.436772346496582,False
medcpt_biencoder_768d__fts_dense_summary__rrf60__medcpt_ce__d20,q08-maverick-phylogenomics,chunk:sha256:28d5bd3e6c92c2e9823d3ff43a72a353db262a74fa59b975f8b389b40646acab,14,4,10,15.53275203704834,False
medcpt_biencoder_768d__fts_dense_summary__rrf60__medcpt_ce__d20,q08-maverick-phylogenomics,chunk:sha256:9febe7ee0fd54fb05c97583cb76a8c85ef78e3b2207d43895a765b68f3f1cca1,15,16,-1,-8.242664337158203,False
medcpt_biencoder_768d__fts_dense_summary__rrf60__medcpt_ce__d20,q08-maverick-phylogenomics,chunk:sha256:8792d59716d55049246f5acbce9153e45c83e1d96e1820e5e9c929bdde18c19c,16,11,5,11.453580856323242,False
medcpt_biencoder_768d__fts_dense_summary__rrf60__medcpt_ce__d20,q08-maverick-phylogenomics,chunk:sha256:296fd20b9df39e84e1929f0af82b921c9bc00d2ad8d892a0b3e53336695880b4,17,18,-1,-10.527432441711426,False
medcpt_biencoder_768d__fts_dense_summary__rrf60__medcpt_ce__d20,q08-maverick-phylogenomics,chunk:sha256:edfc01111a522bfb3ee09375f86a4c95981178cae62ac1952c51aab7451e8bf6,18,15,3,-8.19721794128418,False
medcpt_biencoder_768d__fts_dense_summary__rrf60__medcpt_ce__d20,q08-maverick-phylogenomics,chunk:sha256:8bfc4bd3fa4a39fb7fa3103b5c213f069220d4b35e72d3b2ea02dbbe50e61411,19,19,0,-10.611956596374512,False
medcpt_biencoder_768d__fts_dense_summary__rrf60__medcpt_ce__d20,q08-maverick-phylogenomics,chunk:sha256:5e8095e9ef535170263f1672874d2b44f8a94d1b88d70d1f1ab9a43e27387221,20,14,6,-7.439315319061279,False
medcpt_biencoder_768d__fts_dense_summary__rrf60__medcpt_ce__d20,q09-shrimp-ihhnv-eve,chunk:sha256:be477bd777c982bfc2a911dce771e7ecee169880a1757e7043e4d9b20fcf784d,1,2,-1,10.736251831054688,False
medcpt_biencoder_768d__fts_dense_summary__rrf60__medcpt_ce__d20,q09-shrimp-ihhnv-eve,chunk:sha256:5dfd585aa17d234b895b8c12800a030517da6207efc79d01e6698ec9818592d3,2,1,1,12.90304183959961,False
medcpt_biencoder_768d__fts_dense_summary__rrf60__medcpt_ce__d20,q09-shrimp-ihhnv-eve,chunk:sha256:db53118d6c45f2405e14d456b50d27f0aedc7e1ef209ab1c82f74e604eb31930,3,5,-2,7.711770057678223,False
medcpt_biencoder_768d__fts_dense_summary__rrf60__medcpt_ce__d20,q09-shrimp-ihhnv-eve,chunk:sha256:143642223b46264750c2b067c817c0a9a580e578da9b4c498a7784982bdf9343,4,3,1,10.506003379821777,True
medcpt_biencoder_768d__fts_dense_summary__rrf60__medcpt_ce__d20,q09-shrimp-ihhnv-eve,chunk:sha256:97374b65a5a9986761bb78d81f2b63e23c9b68b95b346f43c65ee723d965cb83,5,4,1,10.362799644470215,False
medcpt_biencoder_768d__fts_dense_summary__rrf60__medcpt_ce__d20,q09-shrimp-ihhnv-eve,chunk:sha256:3d672d8b9881938a872baae387cd771e685bac601dd405efc27bead3a1c2c5ae,6,18,-12,-10.078996658325195,False
medcpt_biencoder_768d__fts_dense_summary__rrf60__medcpt_ce__d20,q09-shrimp-ihhnv-eve,chunk:sha256:3c3e8853ce7c22dbd802c7f208371bf91919a3a3af9170fce7cb02154a91d927,7,12,-5,-6.035526275634766,False
medcpt_biencoder_768d__fts_dense_summary__rrf60__medcpt_ce__d20,q09-shrimp-ihhnv-eve,chunk:sha256:e1ce65d19135c2c7fa0ea573abb51c160c8ba5803d86091a6fb91ddb42c1a972,8,16,-8,-7.986295223236084,False
medcpt_biencoder_768d__fts_dense_summary__rrf60__medcpt_ce__d20,q09-shrimp-ihhnv-eve,chunk:sha256:186ec3dcfe3bfca5ff648654ce550b9e835637b0896c33d8258d22f9a6f77935,9,6,3,5.090047359466553,False
medcpt_biencoder_768d__fts_dense_summary__rrf60__medcpt_ce__d20,q09-shrimp-ihhnv-eve,chunk:sha256:111ea07e65687f6fc1dfcff13cde2ec503fced8561cda003226f4144262b43d1,10,7,3,2.3951902389526367,False
medcpt_biencoder_768d__fts_dense_summary__rrf60__medcpt_ce__d20,q09-shrimp-ihhnv-eve,chunk:sha256:ec4c97af946c35415a8959ed203b0a77a18215c15148e52786df6f5ec716f62c,11,15,-4,-7.893157958984375,False
medcpt_biencoder_768d__fts_dense_summary__rrf60__medcpt_ce__d20,q09-shrimp-ihhnv-eve,chunk:sha256:e40507aee2143b606025e9f1b16513ef92326c3dc95cac81794326fa0a63f150,12,11,1,-3.9921653270721436,False
medcpt_biencoder_768d__fts_dense_summary__rrf60__medcpt_ce__d20,q09-shrimp-ihhnv-eve,chunk:sha256:666607f07f7a4cac85e3626652565dbb621f9bbb55643a1c9ba68241ba368dfa,13,8,5,0.2810789942741394,False
medcpt_biencoder_768d__fts_dense_summary__rrf60__medcpt_ce__d20,q09-shrimp-ihhnv-eve,chunk:sha256:c1c8621d68c3d35c761d740ebb02a08fdf1b0860e1d49ae46b42e8015b5167c7,14,9,5,-1.8425743579864502,False
medcpt_biencoder_768d__fts_dense_summary__rrf60__medcpt_ce__d20,q09-shrimp-ihhnv-eve,chunk:sha256:6305d480edfe608b618e129cd0bc46e6754cf4a7388a5c2cb68e0c4de0595d86,15,19,-4,-12.202505111694336,False
medcpt_biencoder_768d__fts_dense_summary__rrf60__medcpt_ce__d20,q09-shrimp-ihhnv-eve,chunk:sha256:50f14fcc01afaed74fe62a304d30214a05ee658987d92d2856d27de0e8c69ce9,16,17,-1,-9.364317893981934,False
medcpt_biencoder_768d__fts_dense_summary__rrf60__medcpt_ce__d20,q09-shrimp-ihhnv-eve,chunk:sha256:014e13173be3eb6c105c81a933289c25705bae65b01ebf81104612465e507fdc,17,20,-3,-12.64723014831543,False
medcpt_biencoder_768d__fts_dense_summary__rrf60__medcpt_ce__d20,q09-shrimp-ihhnv-eve,chunk:sha256:6d4d9337fb4028f9dc369594921a80d85b4d53b71293fee3b03802a945426608,18,10,8,-2.622620105743408,False
medcpt_biencoder_768d__fts_dense_summary__rrf60__medcpt_ce__d20,q09-shrimp-ihhnv-eve,chunk:sha256:0cd3c19010749b4f8d8dc766254777d3b692fa5944e61e0baed7261844b895f6,19,14,5,-7.803755760192871,False
medcpt_biencoder_768d__fts_dense_summary__rrf60__medcpt_ce__d20,q09-shrimp-ihhnv-eve,chunk:sha256:74b5d71282d5bce3fbc144953cb24c7c499d2e99ae228ac16a0f7acc38784f33,20,13,7,-6.6312761306762695,False
medcpt_biencoder_768d__fts_dense_summary__rrf60__medcpt_ce__d20,q10-flavivirus-ancient-origin,chunk:sha256:d528bcaec2d742ce9613c86bf227304b2104a25958b7405144864508d06b9039,1,2,-1,15.732320785522461,True
medcpt_biencoder_768d__fts_dense_summary__rrf60__medcpt_ce__d20,q10-flavivirus-ancient-origin,chunk:sha256:6f8eb770a4600ed5451c48d6ab80b4a1c44ac3de2de96025272009ad5fe21597,2,6,-4,7.251214027404785,False
medcpt_biencoder_768d__fts_dense_summary__rrf60__medcpt_ce__d20,q10-flavivirus-ancient-origin,chunk:sha256:97748fe5c7234bc948734a3af52e645b3c3785d3a0d06ea61b653ed263b03588,3,4,-1,10.881922721862793,False
medcpt_biencoder_768d__fts_dense_summary__rrf60__medcpt_ce__d20,q10-flavivirus-ancient-origin,chunk:sha256:58cd7c326e2c3e01baac62cfa1f79c4948ff9c992d600a47e3f8c8b93ede459c,4,3,1,15.319360733032227,False
medcpt_biencoder_768d__fts_dense_summary__rrf60__medcpt_ce__d20,q10-flavivirus-ancient-origin,chunk:sha256:5ba238f6a8df9674168c61ea63b17c18ce6717326ab09b6afc89cba0ab4b9f8c,5,7,-2,4.7687668800354,False
medcpt_biencoder_768d__fts_dense_summary__rrf60__medcpt_ce__d20,q10-flavivirus-ancient-origin,chunk:sha256:365928ffb8653aca69a22e65b00ceb59539e7677687017a60344dea69b824c4c,6,8,-2,4.649183750152588,False
medcpt_biencoder_768d__fts_dense_summary__rrf60__medcpt_ce__d20,q10-flavivirus-ancient-origin,chunk:sha256:98f41b88a868579dc12d4ab06c30c8b56dfb2f9e4424ab522105302b562904af,7,19,-12,-11.841180801391602,False
medcpt_biencoder_768d__fts_dense_summary__rrf60__medcpt_ce__d20,q10-flavivirus-ancient-origin,chunk:sha256:03d48b75590fb560ddd02d538227e02d9e0b8f1f09970449117bb321a8c04ec8,8,10,-2,2.5586893558502197,False
medcpt_biencoder_768d__fts_dense_summary__rrf60__medcpt_ce__d20,q10-flavivirus-ancient-origin,chunk:sha256:392d2d8525fb64b68caa94ff65acaed8dcc3be0449ffea13386ab941917351d5,9,5,4,8.578492164611816,False
medcpt_biencoder_768d__fts_dense_summary__rrf60__medcpt_ce__d20,q10-flavivirus-ancient-origin,chunk:sha256:aea6bd74994125acb8a532cc9c0386f895aaee54d6b6a1764b47c5a3c47fe0cc,10,16,-6,-6.633495330810547,False
medcpt_biencoder_768d__fts_dense_summary__rrf60__medcpt_ce__d20,q10-flavivirus-ancient-origin,chunk:sha256:ddebd02a00ef0960a1a1edb4b3118bba7a4d8ba881ae89afd3faf3688156cb2a,11,9,2,3.0500152111053467,False
medcpt_biencoder_768d__fts_dense_summary__rrf60__medcpt_ce__d20,q10-flavivirus-ancient-origin,chunk:sha256:0acd38e425c3a4c0119bdd9c894af36a486ba4bef255fb04217a95a49e8535c7,12,17,-5,-6.722360610961914,False
medcpt_biencoder_768d__fts_dense_summary__rrf60__medcpt_ce__d20,q10-flavivirus-ancient-origin,chunk:sha256:e954eff2d4ff4e8530c6a98b0ab4d8798b49e968ff168dfa3a3d20aa1ba19241,13,13,0,-1.677643895149231,False
medcpt_biencoder_768d__fts_dense_summary__rrf60__medcpt_ce__d20,q10-flavivirus-ancient-origin,chunk:sha256:a94c4408bb26c48d2468635d23a0810b86697053567262bef0dafa825a6b727d,14,11,3,2.001678705215454,False
medcpt_biencoder_768d__fts_dense_summary__rrf60__medcpt_ce__d20,q10-flavivirus-ancient-origin,chunk:sha256:f8cde05a52d95011dc385ce5e53ef75c31d0aa5e4df8e63e3f398b12c5b9baba,15,14,1,-2.351226806640625,False
medcpt_biencoder_768d__fts_dense_summary__rrf60__medcpt_ce__d20,q10-flavivirus-ancient-origin,chunk:sha256:60c68571bf86ea0abb18ad6d039835770d0b601ee839e15290491b0bc7ba5605,16,15,1,-5.655361175537109,False
medcpt_biencoder_768d__fts_dense_summary__rrf60__medcpt_ce__d20,q10-flavivirus-ancient-origin,chunk:sha256:7ea2117e542bfa39a9361f79793b1897923481485ba4ad4a917d60fa91a61c06,17,18,-1,-9.221449851989746,False
medcpt_biencoder_768d__fts_dense_summary__rrf60__medcpt_ce__d20,q10-flavivirus-ancient-origin,chunk:sha256:b1a4d2806aba2e05b6720f2af2883bc1158f063617a38627f6d9c441938449a5,18,1,17,15.902459144592285,False
medcpt_biencoder_768d__fts_dense_summary__rrf60__medcpt_ce__d20,q10-flavivirus-ancient-origin,chunk:sha256:79f93f60f6571d7a7e107b6f9ab46bdaaa69178972b729f1d021dd438cf03305,19,20,-1,-12.938882827758789,False
medcpt_biencoder_768d__fts_dense_summary__rrf60__medcpt_ce__d20,q10-flavivirus-ancient-origin,chunk:sha256:daafb592742921286c7cf1cbcd7051170d6b4464c69cd7082af4564e45bbe17f,20,12,8,-0.6598988771438599,False
medcpt_biencoder_768d__fts_dense_summary__rrf60__medcpt_ce__d20,q11-avian-paleoviral-frequency,chunk:sha256:71597c8fe22a4da601d5a226f08e247253bda043d9a08d2b74372ae74e2d77d2,1,1,0,15.912837982177734,True
medcpt_biencoder_768d__fts_dense_summary__rrf60__medcpt_ce__d20,q11-avian-paleoviral-frequency,chunk:sha256:60c68571bf86ea0abb18ad6d039835770d0b601ee839e15290491b0bc7ba5605,2,2,0,15.9120512008667,False
medcpt_biencoder_768d__fts_dense_summary__rrf60__medcpt_ce__d20,q11-avian-paleoviral-frequency,chunk:sha256:b90095720472adb3ae76307cd60241f1abf6c7720127e638f096fe54a1e0ca1c,3,17,-14,-3.879699230194092,False
medcpt_biencoder_768d__fts_dense_summary__rrf60__medcpt_ce__d20,q11-avian-paleoviral-frequency,chunk:sha256:3a5f0e05ce44e26e7ba5ded0cf5ac9a2058fcea66bae9e634d6544c3e2eff6f5,4,5,-1,13.247602462768555,False
medcpt_biencoder_768d__fts_dense_summary__rrf60__medcpt_ce__d20,q11-avian-paleoviral-frequency,chunk:sha256:27c21ea95f3f858d51a1ab7c46f2939792e97c14abec394c17283512ad5d322e,5,4,1,13.253470420837402,False
medcpt_biencoder_768d__fts_dense_summary__rrf60__medcpt_ce__d20,q11-avian-paleoviral-frequency,chunk:sha256:7d3cf93511d060fe5208aa7a3ad2679e6c3c24eb9a4aae5a281716d6cb61fec7,6,15,-9,0.05419982969760895,False
medcpt_biencoder_768d__fts_dense_summary__rrf60__medcpt_ce__d20,q11-avian-paleoviral-frequency,chunk:sha256:aea6bd74994125acb8a532cc9c0386f895aaee54d6b6a1764b47c5a3c47fe0cc,7,13,-6,4.018253326416016,False
medcpt_biencoder_768d__fts_dense_summary__rrf60__medcpt_ce__d20,q11-avian-paleoviral-frequency,chunk:sha256:b9c2300e66ca23d6eeffdd5d196525e4c2d0152ad1852a619bbfb5f3041bc859,8,10,-2,11.133784294128418,False
medcpt_biencoder_768d__fts_dense_summary__rrf60__medcpt_ce__d20,q11-avian-paleoviral-frequency,chunk:sha256:0b53bc20a8b76f1d4b6683a1a7e102d31830c6741a991b2535daed019b7db43d,9,20,-11,-10.482373237609863,False
medcpt_biencoder_768d__fts_dense_summary__rrf60__medcpt_ce__d20,q11-avian-paleoviral-frequency,chunk:sha256:4878aac5b2eb86e0621ba30f75e775c51e917b5b94d43013511825b0a8ccca2e,10,11,-1,9.29515266418457,False
medcpt_biencoder_768d__fts_dense_summary__rrf60__medcpt_ce__d20,q11-avian-paleoviral-frequency,chunk:sha256:0216654deef6f6ec86a71f886dd5c95d8ed107e5f5ab6efff8b7ddc47a7cadae,11,19,-8,-9.450992584228516,False
medcpt_biencoder_768d__fts_dense_summary__rrf60__medcpt_ce__d20,q11-avian-paleoviral-frequency,chunk:sha256:b6f9cd9b6363e18518ff6cc97fd0e1a538b3db2abf36d75576afccc65bc1bf41,12,12,0,7.426267623901367,False
medcpt_biencoder_768d__fts_dense_summary__rrf60__medcpt_ce__d20,q11-avian-paleoviral-frequency,chunk:sha256:1a9d02d24e42c37f2179339e1de906c26706550c197d7b1f3900972a2f25c3dd,13,16,-3,-1.95751953125,False
medcpt_biencoder_768d__fts_dense_summary__rrf60__medcpt_ce__d20,q11-avian-paleoviral-frequency,chunk:sha256:c690f1f3e9e8858301b5773a6c08ad8d961e19969547ecc38e3c5c03e7b97de4,14,3,11,15.293230056762695,False
medcpt_biencoder_768d__fts_dense_summary__rrf60__medcpt_ce__d20,q11-avian-paleoviral-frequency,chunk:sha256:b98ad07ca281a576bc8500c3bcee8d4cdf5e732a8d61cb80874c37a3e3abe22e,15,7,8,12.454267501831055,False
medcpt_biencoder_768d__fts_dense_summary__rrf60__medcpt_ce__d20,q11-avian-paleoviral-frequency,chunk:sha256:ec3b7821f7640cc8606385b1d909d4943bfae65571b9460c01857d5c46fb8d31,16,8,8,12.353127479553223,False
medcpt_biencoder_768d__fts_dense_summary__rrf60__medcpt_ce__d20,q11-avian-paleoviral-frequency,chunk:sha256:709250e1847aca5db0f5257875ba9607d595a5c7787ae2704d634db6917f9857,17,6,11,12.518688201904297,False
medcpt_biencoder_768d__fts_dense_summary__rrf60__medcpt_ce__d20,q11-avian-paleoviral-frequency,chunk:sha256:a114bc828b2db3ebe065ba4e176eed7ff7a8812d93856f85b00cb8d38ebc78d6,18,14,4,2.5267131328582764,False
medcpt_biencoder_768d__fts_dense_summary__rrf60__medcpt_ce__d20,q11-avian-paleoviral-frequency,chunk:sha256:593ca118251a06803c6f2d072f3152171b942af4d28b21983590d00c1722f416,19,18,1,-6.126152515411377,False
medcpt_biencoder_768d__fts_dense_summary__rrf60__medcpt_ce__d20,q11-avian-paleoviral-frequency,chunk:sha256:ea99dc384a112a8fc0c7da49d9cd944e1359ecc51fc199c12b97bd3703a934ab,20,9,11,11.349528312683105,False
medcpt_biencoder_768d__fts_dense_summary__rrf60__medcpt_ce__d20,q12-plv-contamination-control,chunk:sha256:ab2567776f4676efa9e715bf63f3678dfeca51940a91c582a354fd8fe72d8708,1,19,-18,-8.988580703735352,False
medcpt_biencoder_768d__fts_dense_summary__rrf60__medcpt_ce__d20,q12-plv-contamination-control,chunk:sha256:d517da2fbd334afbbe7e31d0c8714a65aefcd18896b2610e040dd441e88d4972,2,13,-11,-4.217404365539551,False
medcpt_biencoder_768d__fts_dense_summary__rrf60__medcpt_ce__d20,q12-plv-contamination-control,chunk:sha256:097f63cec662beb5860a41a0024b8c8ecf8099cc6d0d64affd1ee47c112b3555,3,17,-14,-7.751307487487793,False
medcpt_biencoder_768d__fts_dense_summary__rrf60__medcpt_ce__d20,q12-plv-contamination-control,chunk:sha256:daafb592742921286c7cf1cbcd7051170d6b4464c69cd7082af4564e45bbe17f,4,8,-4,-0.8280386328697205,False
medcpt_biencoder_768d__fts_dense_summary__rrf60__medcpt_ce__d20,q12-plv-contamination-control,chunk:sha256:c01d0622a2d7167a24f978189cee1b8f920a2ae8c887b848b0f262d23018dd80,5,7,-2,0.8953814506530762,False
medcpt_biencoder_768d__fts_dense_summary__rrf60__medcpt_ce__d20,q12-plv-contamination-control,chunk:sha256:c668d6e6be2d47f2a2d3f1818f8cff922078a0e1cdd1d6cdfd9822c3d64fa5d5,6,14,-8,-4.8314924240112305,False
medcpt_biencoder_768d__fts_dense_summary__rrf60__medcpt_ce__d20,q12-plv-contamination-control,chunk:sha256:472b1a5a75e2eaa094d10f61aab0daab6122d97d3858913ade7eef07fe2b1ca4,7,12,-5,-3.9437978267669678,False
medcpt_biencoder_768d__fts_dense_summary__rrf60__medcpt_ce__d20,q12-plv-contamination-control,chunk:sha256:a35242f0890335ee7c5b3dae96276963fa36c898ec952f148b0c2526ef528514,8,1,7,14.337337493896484,True
medcpt_biencoder_768d__fts_dense_summary__rrf60__medcpt_ce__d20,q12-plv-contamination-control,chunk:sha256:cb52107a71036bedebaedfbbe01016b85a7f7fde11d82966956497cf2a37a19b,9,4,5,10.231507301330566,False
medcpt_biencoder_768d__fts_dense_summary__rrf60__medcpt_ce__d20,q12-plv-contamination-control,chunk:sha256:44592a1a4fa929b35e9b66876a7e7f8a1bb5b297b7c2716e452c5ccec0e7081d,10,6,4,4.5002875328063965,False
medcpt_biencoder_768d__fts_dense_summary__rrf60__medcpt_ce__d20,q12-plv-contamination-control,chunk:sha256:969aa3e640929618e130ec46e170dee7cca8f40c6070202cef83a7be9e6c779a,11,3,8,10.580244064331055,False
medcpt_biencoder_768d__fts_dense_summary__rrf60__medcpt_ce__d20,q12-plv-contamination-control,chunk:sha256:1288d040dc00f6842c6ab44920ceef403fe16fb12931206bb89c273563393ddf,12,2,10,12.040172576904297,False
medcpt_biencoder_768d__fts_dense_summary__rrf60__medcpt_ce__d20,q12-plv-contamination-control,chunk:sha256:aadda9712480f181f107068f5aca296f096adbf61681a6edf5fe1c9ca64d2de8,13,9,4,-1.194077730178833,False
medcpt_biencoder_768d__fts_dense_summary__rrf60__medcpt_ce__d20,q12-plv-contamination-control,chunk:sha256:b0dcca2c44a6e7c4e7b5cec451d266ac636b0683b55db9ed4c30c9f95ff41ea1,14,10,4,-2.4753408432006836,False
medcpt_biencoder_768d__fts_dense_summary__rrf60__medcpt_ce__d20,q12-plv-contamination-control,chunk:sha256:d73366b0d5c3d222412c877cf324d1b43deeb89719bc2c4107e0ef24a42e41bd,15,20,-5,-9.26949691772461,False
medcpt_biencoder_768d__fts_dense_summary__rrf60__medcpt_ce__d20,q12-plv-contamination-control,chunk:sha256:5c5969e9b05b3b2609a2b98bca5314f76154ca877af664349fd237afd8db0937,16,11,5,-2.7039835453033447,False
medcpt_biencoder_768d__fts_dense_summary__rrf60__medcpt_ce__d20,q12-plv-contamination-control,chunk:sha256:ca2a84a36e77f6d72d3e28047ff4b1d1f44472fbf6d88d299ebe6e7da0a5f726,17,15,2,-5.418685436248779,False
medcpt_biencoder_768d__fts_dense_summary__rrf60__medcpt_ce__d20,q12-plv-contamination-control,chunk:sha256:301acb1e0f799bf3992661780fae6bd976dd99026b30b7337cd71b12a8139d5f,18,16,2,-7.230515480041504,False
medcpt_biencoder_768d__fts_dense_summary__rrf60__medcpt_ce__d20,q12-plv-contamination-control,chunk:sha256:6d81702b9750716e7a4ef8aa821e35afa09ded00aa88848ee508b12e40998b76,19,18,1,-8.05994987487793,False
medcpt_biencoder_768d__fts_dense_summary__rrf60__medcpt_ce__d20,q12-plv-contamination-control,chunk:sha256:bcf5c8e512d72b91526d42e38b64196ea7b7683055434808a08112fc0974c28d,20,5,15,5.3388142585754395,False
medcpt_biencoder_768d__fts_dense_summary__rrf60__medcpt_ce__d20,q13-viralrecall-limitations,chunk:sha256:f13056c7ec2fb1aa5a8ba09ed7c2345a4817b3d642c8609c7ae6330158ae2988,1,1,0,15.952428817749023,True
medcpt_biencoder_768d__fts_dense_summary__rrf60__medcpt_ce__d20,q13-viralrecall-limitations,chunk:sha256:7ea2117e542bfa39a9361f79793b1897923481485ba4ad4a917d60fa91a61c06,2,4,-2,15.527010917663574,False
medcpt_biencoder_768d__fts_dense_summary__rrf60__medcpt_ce__d20,q13-viralrecall-limitations,chunk:sha256:149cc5d8b6eccee74d9d9ca6989c0352b9b94169f739747e38cbad1a65d90a75,3,15,-12,-3.4906907081604004,False
medcpt_biencoder_768d__fts_dense_summary__rrf60__medcpt_ce__d20,q13-viralrecall-limitations,chunk:sha256:d517da2fbd334afbbe7e31d0c8714a65aefcd18896b2610e040dd441e88d4972,4,12,-8,4.802282333374023,False
medcpt_biencoder_768d__fts_dense_summary__rrf60__medcpt_ce__d20,q13-viralrecall-limitations,chunk:sha256:82e24880d12396739da426accae9ec544351240e6bb635fc16239b2414d0df2b,5,18,-13,-8.78374195098877,False
medcpt_biencoder_768d__fts_dense_summary__rrf60__medcpt_ce__d20,q13-viralrecall-limitations,chunk:sha256:7cc653e0819e4ddadee5f37fd3fe8672ab9be2f4bad73c52cf73162fbc824efc,6,14,-8,-3.035771369934082,False
medcpt_biencoder_768d__fts_dense_summary__rrf60__medcpt_ce__d20,q13-viralrecall-limitations,chunk:sha256:434fda2a08cc51e64816bf2b792417f3ad432f5ef148e7bcecb5e8c00276a8ac,7,8,-1,12.380319595336914,False
medcpt_biencoder_768d__fts_dense_summary__rrf60__medcpt_ce__d20,q13-viralrecall-limitations,chunk:sha256:a60452929e1b6e461405118cb1880c812e74b34f955502553339b7dd3cf71a05,8,7,1,14.224224090576172,False
medcpt_biencoder_768d__fts_dense_summary__rrf60__medcpt_ce__d20,q13-viralrecall-limitations,chunk:sha256:9c31676ca6e5811d2b557997947c9eb3e1715efb34d47d26216991877ac28354,9,11,-2,4.941862106323242,False
medcpt_biencoder_768d__fts_dense_summary__rrf60__medcpt_ce__d20,q13-viralrecall-limitations,chunk:sha256:51ccf70ae7e30081a4fb24a1970c17ebdc7ee2c964287bdd66671cf57ec6e2e3,10,6,4,15.453248977661133,False
medcpt_biencoder_768d__fts_dense_summary__rrf60__medcpt_ce__d20,q13-viralrecall-limitations,chunk:sha256:a7e00ea2c148f6e366c9a61fef10277de90d0723efef7d14c2bfa7710b8ccb90,11,5,6,15.467610359191895,False
medcpt_biencoder_768d__fts_dense_summary__rrf60__medcpt_ce__d20,q13-viralrecall-limitations,chunk:sha256:6070c0d4956be6b07f53f92b14dadf42188145ff8a1716558dbc279f729ba2c1,12,9,3,12.129938125610352,False
medcpt_biencoder_768d__fts_dense_summary__rrf60__medcpt_ce__d20,q13-viralrecall-limitations,chunk:sha256:daafb592742921286c7cf1cbcd7051170d6b4464c69cd7082af4564e45bbe17f,13,17,-4,-3.984520435333252,False
medcpt_biencoder_768d__fts_dense_summary__rrf60__medcpt_ce__d20,q13-viralrecall-limitations,chunk:sha256:32f9b52bf342df1c629ab5ba358c626faddc3cb1551361d8610ce795fc24213f,14,19,-5,-13.745038986206055,False
medcpt_biencoder_768d__fts_dense_summary__rrf60__medcpt_ce__d20,q13-viralrecall-limitations,chunk:sha256:457145f8656db12167ed529ff17205aa82e9489f42382be3a9723ad96808d6a1,15,2,13,15.933172225952148,False
medcpt_biencoder_768d__fts_dense_summary__rrf60__medcpt_ce__d20,q13-viralrecall-limitations,chunk:sha256:0216654deef6f6ec86a71f886dd5c95d8ed107e5f5ab6efff8b7ddc47a7cadae,16,20,-4,-15.030252456665039,False
medcpt_biencoder_768d__fts_dense_summary__rrf60__medcpt_ce__d20,q13-viralrecall-limitations,chunk:sha256:3fc7dfea8974438e96d6fc2dbbf375d86306ea317ae4e4fe6eefbb00f1ac1573,17,10,7,11.66303539276123,False
medcpt_biencoder_768d__fts_dense_summary__rrf60__medcpt_ce__d20,q13-viralrecall-limitations,chunk:sha256:9091bb434447726569abc997240803d5c8e8c74f78758b4702a1f6b759e96558,18,13,5,0.7438177466392517,False
medcpt_biencoder_768d__fts_dense_summary__rrf60__medcpt_ce__d20,q13-viralrecall-limitations,chunk:sha256:97748fe5c7234bc948734a3af52e645b3c3785d3a0d06ea61b653ed263b03588,19,16,3,-3.760326385498047,False
medcpt_biencoder_768d__fts_dense_summary__rrf60__medcpt_ce__d20,q13-viralrecall-limitations,chunk:sha256:41fe03f5abf525460688db1a0dbef342896f1c12d863ceb2d4872bd4e6360e62,20,3,17,15.880928039550781,False
qwen3_embedding_0_6b__fts_dense_summary__rrf60__qwen3_reranker__d20,q01-polinton-virion-evidence,chunk:sha256:f4dc4ee380d0709b63877b8e0505c25fa962748c8789b475304110ad6dd069ad,1,1,0,0.9999785423278809,True
qwen3_embedding_0_6b__fts_dense_summary__rrf60__qwen3_reranker__d20,q01-polinton-virion-evidence,chunk:sha256:e7b8b6084ea250d137cd3683868d0f22c79f1e53847c66b32876dc953167ecb6,2,3,-1,0.9999517202377319,False
qwen3_embedding_0_6b__fts_dense_summary__rrf60__qwen3_reranker__d20,q01-polinton-virion-evidence,chunk:sha256:76fe792b5e0f5d3b6235dfb5c6654f9059e76683f215b74859df7c61e8c48b0e,3,8,-5,0.9990302324295044,False
qwen3_embedding_0_6b__fts_dense_summary__rrf60__qwen3_reranker__d20,q01-polinton-virion-evidence,chunk:sha256:9e9070679b743330ea616a0174fae466564f3bb762dc0ee6bf1fd69466263c71,4,20,-16,8.220189192797989e-05,False
qwen3_embedding_0_6b__fts_dense_summary__rrf60__qwen3_reranker__d20,q01-polinton-virion-evidence,chunk:sha256:7817bbd166498bc3a150d18218f14fc6312fec7916a80f3777405e9a7212ae72,5,4,1,0.9998766183853149,False
qwen3_embedding_0_6b__fts_dense_summary__rrf60__qwen3_reranker__d20,q01-polinton-virion-evidence,chunk:sha256:29e99cc462faa4d4c09bdbb4a2562ea2b8e166a18c4b63f1fe572587348a6e5e,6,11,-5,0.9966233968734741,False
qwen3_embedding_0_6b__fts_dense_summary__rrf60__qwen3_reranker__d20,q01-polinton-virion-evidence,chunk:sha256:8cf46d6c6a39a425032baf41c25053d18a549e6d9e2de8c74ea013c91eef4a29,7,6,1,0.9996429681777954,False
qwen3_embedding_0_6b__fts_dense_summary__rrf60__qwen3_reranker__d20,q01-polinton-virion-evidence,chunk:sha256:817b3e52e6d3cd92b647ec56d4ca59ed514cdc20c5028491ed82447936d793cd,8,5,3,0.9997387528419495,False
qwen3_embedding_0_6b__fts_dense_summary__rrf60__qwen3_reranker__d20,q01-polinton-virion-evidence,chunk:sha256:303ac303d190979a887a38de581bf2129964e30068e8e957d549738a84624c05,9,9,0,0.9971990585327148,False
qwen3_embedding_0_6b__fts_dense_summary__rrf60__qwen3_reranker__d20,q01-polinton-virion-evidence,chunk:sha256:54051b7d4af4a328fdc5da9e5b72e9dba79fac52939671a294d7f0b3fb907554,10,2,8,0.9999573230743408,False
qwen3_embedding_0_6b__fts_dense_summary__rrf60__qwen3_reranker__d20,q01-polinton-virion-evidence,chunk:sha256:c8ed4bbc6bc186cafdc9658bda7497319ca6d8471f670e366a5f22063ab83fe9,11,15,-4,0.9433475732803345,False
qwen3_embedding_0_6b__fts_dense_summary__rrf60__qwen3_reranker__d20,q01-polinton-virion-evidence,chunk:sha256:39d9f77699a355c7b7e046c429a0fde770b7832bb92cf9db106dbb62bdf5ec9e,12,10,2,0.9971990585327148,False
qwen3_embedding_0_6b__fts_dense_summary__rrf60__qwen3_reranker__d20,q01-polinton-virion-evidence,chunk:sha256:23dfc40729dae5cbc672fcc442e23be2dd9f4613bae5991d5f0d8afe228b0b65,13,7,6,0.9990890026092529,False
qwen3_embedding_0_6b__fts_dense_summary__rrf60__qwen3_reranker__d20,q01-polinton-virion-evidence,chunk:sha256:5a333a9358bb5fad1dec4c2f02656018b47b1bff4956b88df14f1410b7cfe68b,14,13,1,0.9724147915840149,False
qwen3_embedding_0_6b__fts_dense_summary__rrf60__qwen3_reranker__d20,q01-polinton-virion-evidence,chunk:sha256:9e7efe071c4411448855e432851a632c868c4e45f2e2f36c0d0a63598a9677ca,15,12,3,0.9840936064720154,False
qwen3_embedding_0_6b__fts_dense_summary__rrf60__qwen3_reranker__d20,q01-polinton-virion-evidence,chunk:sha256:dc5d69db23abfa3a18853e34f1fca28aa2e77e466de91dfaf3859760604d6469,16,14,2,0.9603611826896667,False
qwen3_embedding_0_6b__fts_dense_summary__rrf60__qwen3_reranker__d20,q01-polinton-virion-evidence,chunk:sha256:f4eb3a1c640a36c594e4648c80f1947cfb942a9739714ba3bc472fe58a3c7a8f,17,18,-1,0.36296921968460083,False
qwen3_embedding_0_6b__fts_dense_summary__rrf60__qwen3_reranker__d20,q01-polinton-virion-evidence,chunk:sha256:7f7d94983a68d20716444a85dec88605f5b722bc86859ce66a74fdd005c2ec9e,18,16,2,0.8354835510253906,False
qwen3_embedding_0_6b__fts_dense_summary__rrf60__qwen3_reranker__d20,q01-polinton-virion-evidence,chunk:sha256:ceac265d311ebb16d0d8e7af808b26519448cdc58c040709288d21649d255016,19,19,0,0.36296921968460083,False
qwen3_embedding_0_6b__fts_dense_summary__rrf60__qwen3_reranker__d20,q01-polinton-virion-evidence,chunk:sha256:3250dd4b13265c64c8f1a6cf9b7363075b0c72838a27a77c2fdd712a92f140e6,20,17,3,0.7772998809814453,False
qwen3_embedding_0_6b__fts_dense_summary__rrf60__qwen3_reranker__d20,q02-plv-metagenome-discovery,chunk:sha256:daafb592742921286c7cf1cbcd7051170d6b4464c69cd7082af4564e45bbe17f,1,4,-3,0.9998766183853149,False
qwen3_embedding_0_6b__fts_dense_summary__rrf60__qwen3_reranker__d20,q02-plv-metagenome-discovery,chunk:sha256:82e24880d12396739da426accae9ec544351240e6bb635fc16239b2414d0df2b,2,1,1,0.9999921321868896,False
qwen3_embedding_0_6b__fts_dense_summary__rrf60__qwen3_reranker__d20,q02-plv-metagenome-discovery,chunk:sha256:7cc653e0819e4ddadee5f37fd3fe8672ab9be2f4bad73c52cf73162fbc824efc,3,8,-5,0.9997387528419495,False
qwen3_embedding_0_6b__fts_dense_summary__rrf60__qwen3_reranker__d20,q02-plv-metagenome-discovery,chunk:sha256:472b1a5a75e2eaa094d10f61aab0daab6122d97d3858913ade7eef07fe2b1ca4,4,5,-1,0.999841570854187,False
qwen3_embedding_0_6b__fts_dense_summary__rrf60__qwen3_reranker__d20,q02-plv-metagenome-discovery,chunk:sha256:d517da2fbd334afbbe7e31d0c8714a65aefcd18896b2610e040dd441e88d4972,5,11,-6,0.9995694756507874,False
qwen3_embedding_0_6b__fts_dense_summary__rrf60__qwen3_reranker__d20,q02-plv-metagenome-discovery,chunk:sha256:c668d6e6be2d47f2a2d3f1818f8cff922078a0e1cdd1d6cdfd9822c3d64fa5d5,6,9,-3,0.9997219443321228,False
qwen3_embedding_0_6b__fts_dense_summary__rrf60__qwen3_reranker__d20,q02-plv-metagenome-discovery,chunk:sha256:32f9b52bf342df1c629ab5ba358c626faddc3cb1551361d8610ce795fc24213f,7,10,-3,0.9996646642684937,True
qwen3_embedding_0_6b__fts_dense_summary__rrf60__qwen3_reranker__d20,q02-plv-metagenome-discovery,chunk:sha256:cdb133c32c0e517e04928fe54d9af7fdce6d755cbfd6ced9d883651f66d1959d,8,14,-6,0.9985895752906799,False
qwen3_embedding_0_6b__fts_dense_summary__rrf60__qwen3_reranker__d20,q02-plv-metagenome-discovery,chunk:sha256:d3afb458b4f3b12b3d16ebb2a0486657c8f6d7061333cc65ed5a64d72148228e,9,13,-4,0.9994115829467773,False
qwen3_embedding_0_6b__fts_dense_summary__rrf60__qwen3_reranker__d20,q02-plv-metagenome-discovery,chunk:sha256:f4dc4ee380d0709b63877b8e0505c25fa962748c8789b475304110ad6dd069ad,10,18,-8,0.8670357465744019,False
qwen3_embedding_0_6b__fts_dense_summary__rrf60__qwen3_reranker__d20,q02-plv-metagenome-discovery,chunk:sha256:c01d0622a2d7167a24f978189cee1b8f920a2ae8c887b848b0f262d23018dd80,11,12,-1,0.999480664730072,False
qwen3_embedding_0_6b__fts_dense_summary__rrf60__qwen3_reranker__d20,q02-plv-metagenome-discovery,chunk:sha256:76fe792b5e0f5d3b6235dfb5c6654f9059e76683f215b74859df7c61e8c48b0e,12,15,-3,0.9755768775939941,False
qwen3_embedding_0_6b__fts_dense_summary__rrf60__qwen3_reranker__d20,q02-plv-metagenome-discovery,chunk:sha256:e7b8b6084ea250d137cd3683868d0f22c79f1e53847c66b32876dc953167ecb6,13,16,-3,0.9724147915840149,False
qwen3_embedding_0_6b__fts_dense_summary__rrf60__qwen3_reranker__d20,q02-plv-metagenome-discovery,chunk:sha256:434fda2a08cc51e64816bf2b792417f3ad432f5ef148e7bcecb5e8c00276a8ac,14,19,-5,0.7310585975646973,False
qwen3_embedding_0_6b__fts_dense_summary__rrf60__qwen3_reranker__d20,q02-plv-metagenome-discovery,chunk:sha256:7ea2117e542bfa39a9361f79793b1897923481485ba4ad4a917d60fa91a61c06,15,17,-2,0.8807970285415649,False
qwen3_embedding_0_6b__fts_dense_summary__rrf60__qwen3_reranker__d20,q02-plv-metagenome-discovery,chunk:sha256:0ea0e13add9f40d35af545d41c14d64f35e129d11b7ebc77d4662b11a564caa1,16,3,13,0.9999842643737793,False
qwen3_embedding_0_6b__fts_dense_summary__rrf60__qwen3_reranker__d20,q02-plv-metagenome-discovery,chunk:sha256:d0a05d5660b9d125a7bf1520eac994aabb1c671a81fd8943a8927050f626e634,17,2,15,0.9999921321868896,False
qwen3_embedding_0_6b__fts_dense_summary__rrf60__qwen3_reranker__d20,q02-plv-metagenome-discovery,chunk:sha256:b370b544f83a771b0b3d3e5ccf3648c899e48c37756b9c21e53c337072a53164,18,20,-2,0.08509904891252518,False
qwen3_embedding_0_6b__fts_dense_summary__rrf60__qwen3_reranker__d20,q02-plv-metagenome-discovery,chunk:sha256:7a59f8b949387cb1817e74e552bd795604a8011167ea3002aceb899ebe3f345d,19,7,12,0.9998313188552856,False
qwen3_embedding_0_6b__fts_dense_summary__rrf60__qwen3_reranker__d20,q02-plv-metagenome-discovery,chunk:sha256:db23d061f3c5f7647ee5498b2612b8c9ec631c25d0f6e6110392755071d8a5a5,20,6,14,0.999841570854187,False
qwen3_embedding_0_6b__fts_dense_summary__rrf60__qwen3_reranker__d20,q03-aquatic-plv-abundance,chunk:sha256:472b1a5a75e2eaa094d10f61aab0daab6122d97d3858913ade7eef07fe2b1ca4,1,1,0,0.9999545812606812,True
qwen3_embedding_0_6b__fts_dense_summary__rrf60__qwen3_reranker__d20,q03-aquatic-plv-abundance,chunk:sha256:daafb592742921286c7cf1cbcd7051170d6b4464c69cd7082af4564e45bbe17f,2,5,-3,0.9997040629386902,False
qwen3_embedding_0_6b__fts_dense_summary__rrf60__qwen3_reranker__d20,q03-aquatic-plv-abundance,chunk:sha256:c01d0622a2d7167a24f978189cee1b8f920a2ae8c887b848b0f262d23018dd80,3,3,0,0.999841570854187,False
qwen3_embedding_0_6b__fts_dense_summary__rrf60__qwen3_reranker__d20,q03-aquatic-plv-abundance,chunk:sha256:d517da2fbd334afbbe7e31d0c8714a65aefcd18896b2610e040dd441e88d4972,4,10,-6,0.9986749291419983,False
qwen3_embedding_0_6b__fts_dense_summary__rrf60__qwen3_reranker__d20,q03-aquatic-plv-abundance,chunk:sha256:c668d6e6be2d47f2a2d3f1818f8cff922078a0e1cdd1d6cdfd9822c3d64fa5d5,5,11,-6,0.9982993006706238,False
qwen3_embedding_0_6b__fts_dense_summary__rrf60__qwen3_reranker__d20,q03-aquatic-plv-abundance,chunk:sha256:751ec5f5673635a5fed72675a003cf9c9367cea26e7a4738d8356ce096d7b3d7,6,2,4,0.9998910427093506,False
qwen3_embedding_0_6b__fts_dense_summary__rrf60__qwen3_reranker__d20,q03-aquatic-plv-abundance,chunk:sha256:cb52107a71036bedebaedfbbe01016b85a7f7fde11d82966956497cf2a37a19b,7,8,-1,0.9992445707321167,False
qwen3_embedding_0_6b__fts_dense_summary__rrf60__qwen3_reranker__d20,q03-aquatic-plv-abundance,chunk:sha256:0ea0e13add9f40d35af545d41c14d64f35e129d11b7ebc77d4662b11a564caa1,8,4,4,0.999783456325531,False
qwen3_embedding_0_6b__fts_dense_summary__rrf60__qwen3_reranker__d20,q03-aquatic-plv-abundance,chunk:sha256:ab2567776f4676efa9e715bf63f3678dfeca51940a91c582a354fd8fe72d8708,9,20,-11,1.7778551409719512e-05,False
qwen3_embedding_0_6b__fts_dense_summary__rrf60__qwen3_reranker__d20,q03-aquatic-plv-abundance,chunk:sha256:097f63cec662beb5860a41a0024b8c8ecf8099cc6d0d64affd1ee47c112b3555,10,19,-9,2.8632557587116025e-05,False
qwen3_embedding_0_6b__fts_dense_summary__rrf60__qwen3_reranker__d20,q03-aquatic-plv-abundance,chunk:sha256:cdb133c32c0e517e04928fe54d9af7fdce6d755cbfd6ced9d883651f66d1959d,11,6,5,0.9996646642684937,False
qwen3_embedding_0_6b__fts_dense_summary__rrf60__qwen3_reranker__d20,q03-aquatic-plv-abundance,chunk:sha256:eba60d1bdb7e215b1516376b6852416bcce8a1d6440d09dfda3ffaf13fc7c66f,12,7,5,0.9994471669197083,False
qwen3_embedding_0_6b__fts_dense_summary__rrf60__qwen3_reranker__d20,q03-aquatic-plv-abundance,chunk:sha256:ed3961df896b1b38f5308f153464d45137e1f503ae96bc166b5be69857bdd0b7,13,18,-5,0.8807970285415649,False
qwen3_embedding_0_6b__fts_dense_summary__rrf60__qwen3_reranker__d20,q03-aquatic-plv-abundance,chunk:sha256:969aa3e640929618e130ec46e170dee7cca8f40c6070202cef83a7be9e6c779a,14,14,0,0.9908744096755981,False
qwen3_embedding_0_6b__fts_dense_summary__rrf60__qwen3_reranker__d20,q03-aquatic-plv-abundance,chunk:sha256:5cf6226e5c68d1f8501239492ad3835fbe583dc614121c495b631114473d1f12,15,12,3,0.9914224743843079,False
qwen3_embedding_0_6b__fts_dense_summary__rrf60__qwen3_reranker__d20,q03-aquatic-plv-abundance,chunk:sha256:79ca96ac4f83c03f5868b2ebf71de16ef6080c3980ebe9ddf2c4f5c7729256da,16,15,1,0.9840936064720154,False
qwen3_embedding_0_6b__fts_dense_summary__rrf60__qwen3_reranker__d20,q03-aquatic-plv-abundance,chunk:sha256:623dbd2522d911afa8c768bb590af60ed37edd6cbe4430dd5268fe73f942e03c,17,13,4,0.9914224743843079,False
qwen3_embedding_0_6b__fts_dense_summary__rrf60__qwen3_reranker__d20,q03-aquatic-plv-abundance,chunk:sha256:4dcd64eabcd0c00581db3ae2889055d756230d3ddaceae92707bf8ce352b16f3,18,16,2,0.9688562154769897,False
qwen3_embedding_0_6b__fts_dense_summary__rrf60__qwen3_reranker__d20,q03-aquatic-plv-abundance,chunk:sha256:4372fc5b45a1c740257c67cedf3808725c353dc85a28ece74a568792ef8ab692,19,9,10,0.9990890026092529,False
qwen3_embedding_0_6b__fts_dense_summary__rrf60__qwen3_reranker__d20,q03-aquatic-plv-abundance,chunk:sha256:9a6c2fa6e7bf411d7073017ffee17313f1dd2d84b5b4647b6abcd1e5e6f8e69a,20,17,3,0.9362850189208984,False
qwen3_embedding_0_6b__fts_dense_summary__rrf60__qwen3_reranker__d20,q04-viralrecall-method,chunk:sha256:434fda2a08cc51e64816bf2b792417f3ad432f5ef148e7bcecb5e8c00276a8ac,1,1,0,0.9999822378158569,False
qwen3_embedding_0_6b__fts_dense_summary__rrf60__qwen3_reranker__d20,q04-viralrecall-method,chunk:sha256:7ea2117e542bfa39a9361f79793b1897923481485ba4ad4a917d60fa91a61c06,2,6,-4,0.9996429681777954,True
qwen3_embedding_0_6b__fts_dense_summary__rrf60__qwen3_reranker__d20,q04-viralrecall-method,chunk:sha256:149cc5d8b6eccee74d9d9ca6989c0352b9b94169f739747e38cbad1a65d90a75,3,14,-11,0.9944451451301575,False
qwen3_embedding_0_6b__fts_dense_summary__rrf60__qwen3_reranker__d20,q04-viralrecall-method,chunk:sha256:51ccf70ae7e30081a4fb24a1970c17ebdc7ee2c964287bdd66671cf57ec6e2e3,4,9,-5,0.9992903470993042,False
qwen3_embedding_0_6b__fts_dense_summary__rrf60__qwen3_reranker__d20,q04-viralrecall-method,chunk:sha256:f13056c7ec2fb1aa5a8ba09ed7c2345a4817b3d642c8609c7ae6330158ae2988,5,8,-3,0.9995121955871582,False
qwen3_embedding_0_6b__fts_dense_summary__rrf60__qwen3_reranker__d20,q04-viralrecall-method,chunk:sha256:96ab42d31999993af7c1ce32f0f64fbde3e1d3f7ba72effb6f5539907a8c7dd3,6,2,4,0.9999039173126221,False
qwen3_embedding_0_6b__fts_dense_summary__rrf60__qwen3_reranker__d20,q04-viralrecall-method,chunk:sha256:f9fb3889514e9b33b220bda69c99f83b6507b92ec5cb5189e53e7d9f0c985961,7,7,0,0.9996199607849121,False
qwen3_embedding_0_6b__fts_dense_summary__rrf60__qwen3_reranker__d20,q04-viralrecall-method,chunk:sha256:ff0c13fe733eedbae8a57753b184642a025d3dd41c5b6b88b5f49dbac17147ab,8,16,-8,0.9940890073776245,False
qwen3_embedding_0_6b__fts_dense_summary__rrf60__qwen3_reranker__d20,q04-viralrecall-method,chunk:sha256:1414c7be9b1b8d86106b33a70edaaf63ac72ee8ec24a2430b6101e24181cbffc,9,5,4,0.9997040629386902,False
qwen3_embedding_0_6b__fts_dense_summary__rrf60__qwen3_reranker__d20,q04-viralrecall-method,chunk:sha256:98e6e41be7dd41bf8dd2f7e3b4fe5d81626938a2883134eeec4b586489794664,10,3,7,0.9999039173126221,False
qwen3_embedding_0_6b__fts_dense_summary__rrf60__qwen3_reranker__d20,q04-viralrecall-method,chunk:sha256:c208dd3f469543145ec0f8179363c573665be2df6e403f29e12f3f8902baf625,11,10,1,0.9975274205207825,False
qwen3_embedding_0_6b__fts_dense_summary__rrf60__qwen3_reranker__d20,q04-viralrecall-method,chunk:sha256:ed9fc5e584796960f01faca3532bcce66bd9c8c544dc2af2924ec6e748bbe91d,12,4,8,0.9998089671134949,False
qwen3_embedding_0_6b__fts_dense_summary__rrf60__qwen3_reranker__d20,q04-viralrecall-method,chunk:sha256:8e2d1c9fa3fb18eb2a996ba86f99e217fa37d768502ed3b1c2e44867089aed58,13,11,2,0.9975274205207825,False
qwen3_embedding_0_6b__fts_dense_summary__rrf60__qwen3_reranker__d20,q04-viralrecall-method,chunk:sha256:2dc8184db32cc456858fc41ee72b1541430a624bb930eef63d247d6da188ab77,14,17,-3,0.9924227595329285,False
qwen3_embedding_0_6b__fts_dense_summary__rrf60__qwen3_reranker__d20,q04-viralrecall-method,chunk:sha256:a7e00ea2c148f6e366c9a61fef10277de90d0723efef7d14c2bfa7710b8ccb90,15,12,3,0.9953904151916504,False
qwen3_embedding_0_6b__fts_dense_summary__rrf60__qwen3_reranker__d20,q04-viralrecall-method,chunk:sha256:3757f5ac502705697a73a57e458abf93b8e092f190ad88658c5137ccf5ea9ca8,16,20,-4,0.7185943722724915,False
qwen3_embedding_0_6b__fts_dense_summary__rrf60__qwen3_reranker__d20,q04-viralrecall-method,chunk:sha256:457145f8656db12167ed529ff17205aa82e9489f42382be3a9723ad96808d6a1,17,18,-1,0.9896718263626099,False
qwen3_embedding_0_6b__fts_dense_summary__rrf60__qwen3_reranker__d20,q04-viralrecall-method,chunk:sha256:54278510002dfdf12a5164a9b78bc871f0db5ba845f53199df5ffdd68944445d,18,19,-1,0.9241418242454529,False
qwen3_embedding_0_6b__fts_dense_summary__rrf60__qwen3_reranker__d20,q04-viralrecall-method,chunk:sha256:5824bd5152b5122c12cda8a9e7117b083c22d5227eb5a86ef60674e34f2d22b2,19,13,6,0.9950946569442749,False
qwen3_embedding_0_6b__fts_dense_summary__rrf60__qwen3_reranker__d20,q04-viralrecall-method,chunk:sha256:a319d260650e759c5b5b13b4f24b226b0ab9cb28b397d08f92c4f8c30088cc2d,20,15,5,0.9944451451301575,False
qwen3_embedding_0_6b__fts_dense_summary__rrf60__qwen3_reranker__d20,q05-geve-database-scope,chunk:sha256:aea6bd74994125acb8a532cc9c0386f895aaee54d6b6a1764b47c5a3c47fe0cc,1,3,-2,0.999595582485199,True
qwen3_embedding_0_6b__fts_dense_summary__rrf60__qwen3_reranker__d20,q05-geve-database-scope,chunk:sha256:ec3b7821f7640cc8606385b1d909d4943bfae65571b9460c01857d5c46fb8d31,2,1,1,0.9997387528419495,False
qwen3_embedding_0_6b__fts_dense_summary__rrf60__qwen3_reranker__d20,q05-geve-database-scope,chunk:sha256:7ea2117e542bfa39a9361f79793b1897923481485ba4ad4a917d60fa91a61c06,3,20,-17,9.895332368614618e-06,False
qwen3_embedding_0_6b__fts_dense_summary__rrf60__qwen3_reranker__d20,q05-geve-database-scope,chunk:sha256:0acd38e425c3a4c0119bdd9c894af36a486ba4bef255fb04217a95a49e8535c7,4,14,-10,0.0010322310263291001,False
qwen3_embedding_0_6b__fts_dense_summary__rrf60__qwen3_reranker__d20,q05-geve-database-scope,chunk:sha256:434fda2a08cc51e64816bf2b792417f3ad432f5ef148e7bcecb5e8c00276a8ac,5,19,-14,0.00024156630388461053,False
qwen3_embedding_0_6b__fts_dense_summary__rrf60__qwen3_reranker__d20,q05-geve-database-scope,chunk:sha256:b78e0adb6caf5502229805365fa802e0fef8c8f568abc782e5b9a382fa5502c8,6,5,1,0.999373733997345,False
qwen3_embedding_0_6b__fts_dense_summary__rrf60__qwen3_reranker__d20,q05-geve-database-scope,chunk:sha256:09d90a5a77d8e7a3fc49f4871f1486d147a9b97c9b183b3e0bc5257f79bbb3c0,7,4,3,0.9995417594909668,False
qwen3_embedding_0_6b__fts_dense_summary__rrf60__qwen3_reranker__d20,q05-geve-database-scope,chunk:sha256:e35538dd6128464b56a3070a2b2c80f6947c8656c15ce9884e1078b0f8fc206c,8,6,2,0.9982993006706238,False
qwen3_embedding_0_6b__fts_dense_summary__rrf60__qwen3_reranker__d20,q05-geve-database-scope,chunk:sha256:28b396b7d4fa7c1760d5362cd88a373e155f0201130c3a50c3262957dbe731d2,9,2,7,0.9996646642684937,False
qwen3_embedding_0_6b__fts_dense_summary__rrf60__qwen3_reranker__d20,q05-geve-database-scope,chunk:sha256:e9b8a2747459e1294b635334d590b5931e2c9d441c6f75dbadd7a6e3154b06f2,10,15,-5,0.0007321813027374446,False
qwen3_embedding_0_6b__fts_dense_summary__rrf60__qwen3_reranker__d20,q05-geve-database-scope,chunk:sha256:0b53bc20a8b76f1d4b6683a1a7e102d31830c6741a991b2535daed019b7db43d,11,7,4,0.9975274205207825,False
qwen3_embedding_0_6b__fts_dense_summary__rrf60__qwen3_reranker__d20,q05-geve-database-scope,chunk:sha256:d0abc42833ea279aeefe29337f9c5502671c315c4af1bfb99e204f845b02248c,12,10,2,0.9896718263626099,False
qwen3_embedding_0_6b__fts_dense_summary__rrf60__qwen3_reranker__d20,q05-geve-database-scope,chunk:sha256:49d8f88d59182a14364171038c5b51d1ac9ca2a8aa985ecfeb45002818e99f80,13,9,4,0.9914224743843079,False
qwen3_embedding_0_6b__fts_dense_summary__rrf60__qwen3_reranker__d20,q05-geve-database-scope,chunk:sha256:a114bc828b2db3ebe065ba4e176eed7ff7a8812d93856f85b00cb8d38ebc78d6,14,18,-4,0.0003301527467556298,False
qwen3_embedding_0_6b__fts_dense_summary__rrf60__qwen3_reranker__d20,q05-geve-database-scope,chunk:sha256:aa507fc9eae38ee7705dd54ac1cb08bf1767568ddb104494722f42731f54aee0,15,12,3,0.9149009585380554,False
qwen3_embedding_0_6b__fts_dense_summary__rrf60__qwen3_reranker__d20,q05-geve-database-scope,chunk:sha256:c34e766a913a1bac7133c641f5ae00b870d86292b5bab838dae549d5623720ab,16,16,0,0.0004173157794866711,False
qwen3_embedding_0_6b__fts_dense_summary__rrf60__qwen3_reranker__d20,q05-geve-database-scope,chunk:sha256:5263641647a5d410933714c22b5d0ddd607f0f64fe10d1f872c8a0deb436e5ec,17,8,9,0.9959298968315125,False
qwen3_embedding_0_6b__fts_dense_summary__rrf60__qwen3_reranker__d20,q05-geve-database-scope,chunk:sha256:c0601582d67c0f6c20400d9ec86aefde6fc5f19ff7bfb9f70e842ba7c41ed114,18,17,1,0.00033535013790242374,False
qwen3_embedding_0_6b__fts_dense_summary__rrf60__qwen3_reranker__d20,q05-geve-database-scope,chunk:sha256:0e783c93873303ebdd2b112d628f35d462668e8fe8fc49859ad4acea6164d6ca,19,11,8,0.9840936064720154,False
qwen3_embedding_0_6b__fts_dense_summary__rrf60__qwen3_reranker__d20,q05-geve-database-scope,chunk:sha256:71597c8fe22a4da601d5a226f08e247253bda043d9a08d2b74372ae74e2d77d2,20,13,7,0.0014550628839060664,False
qwen3_embedding_0_6b__fts_dense_summary__rrf60__qwen3_reranker__d20,q06-planehopper-eve-cooption,chunk:sha256:1a9d02d24e42c37f2179339e1de906c26706550c197d7b1f3900972a2f25c3dd,1,2,-1,0.999987006187439,False
qwen3_embedding_0_6b__fts_dense_summary__rrf60__qwen3_reranker__d20,q06-planehopper-eve-cooption,chunk:sha256:3324cd3710941936ac5f925f0166fcbd11d19dd3dd5a052a7ba50ad94e9a076c,2,1,1,0.9999892711639404,False
qwen3_embedding_0_6b__fts_dense_summary__rrf60__qwen3_reranker__d20,q06-planehopper-eve-cooption,chunk:sha256:0216654deef6f6ec86a71f886dd5c95d8ed107e5f5ab6efff8b7ddc47a7cadae,3,3,0,0.9998840093612671,True
qwen3_embedding_0_6b__fts_dense_summary__rrf60__qwen3_reranker__d20,q06-planehopper-eve-cooption,chunk:sha256:a9d72878eaaf99deec86f292854b5bf5654c65abaee9955de1c73c54cf60bf5d,4,4,0,0.999783456325531,False
qwen3_embedding_0_6b__fts_dense_summary__rrf60__qwen3_reranker__d20,q06-planehopper-eve-cooption,chunk:sha256:b90095720472adb3ae76307cd60241f1abf6c7720127e638f096fe54a1e0ca1c,5,20,-15,0.9669140577316284,False
qwen3_embedding_0_6b__fts_dense_summary__rrf60__qwen3_reranker__d20,q06-planehopper-eve-cooption,chunk:sha256:9f5f51c316ceb3d5310614d1e6d31ec175977986c52cd6e19b853a66ab4010bc,6,11,-5,0.9989677667617798,False
qwen3_embedding_0_6b__fts_dense_summary__rrf60__qwen3_reranker__d20,q06-planehopper-eve-cooption,chunk:sha256:37dd8a71921c45806b8f7264f3e0f50f5156116138205b877ea45fdbe6a82371,7,8,-1,0.999480664730072,False
qwen3_embedding_0_6b__fts_dense_summary__rrf60__qwen3_reranker__d20,q06-planehopper-eve-cooption,chunk:sha256:89702c750940867ae9ac9fd1f2c1fef8f535d427e8ccb4239f04bd9911713c4a,8,10,-2,0.9991440773010254,False
qwen3_embedding_0_6b__fts_dense_summary__rrf60__qwen3_reranker__d20,q06-planehopper-eve-cooption,chunk:sha256:945f94c52fbd63c3b12376827a86e2af23f6223fd1c536e0b337dec791c5d119,9,17,-8,0.9964063763618469,False
qwen3_embedding_0_6b__fts_dense_summary__rrf60__qwen3_reranker__d20,q06-planehopper-eve-cooption,chunk:sha256:7258eac6f38c5f5e1a1380a3cd32a766403cd14db85535a52457bc3ddbb03228,10,18,-8,0.9902915358543396,False
qwen3_embedding_0_6b__fts_dense_summary__rrf60__qwen3_reranker__d20,q06-planehopper-eve-cooption,chunk:sha256:5114b39e6980b1f9654c50dc555a5373e55bf1d5d6ec1e7f6dc6f60880871658,11,12,-1,0.9986749291419983,False
qwen3_embedding_0_6b__fts_dense_summary__rrf60__qwen3_reranker__d20,q06-planehopper-eve-cooption,chunk:sha256:4ce28ff5d96a37ff03efd8b1b946e1c8a3ab4aacf0d4bafba03d1938d9c2268a,12,5,7,0.999783456325531,False
qwen3_embedding_0_6b__fts_dense_summary__rrf60__qwen3_reranker__d20,q06-planehopper-eve-cooption,chunk:sha256:48885437124ee7b08a3f24e37368560e0f8254d8ba889e625bcfae65eced0e38,13,16,-3,0.9978172779083252,False
qwen3_embedding_0_6b__fts_dense_summary__rrf60__qwen3_reranker__d20,q06-planehopper-eve-cooption,chunk:sha256:6a4ed83dd98331edc062bbfe9b44bbac8154ff67223bbddfea322bd20ff5751d,14,14,0,0.9984021782875061,False
qwen3_embedding_0_6b__fts_dense_summary__rrf60__qwen3_reranker__d20,q06-planehopper-eve-cooption,chunk:sha256:a98e50488959360ea979febfce782893a78caadc1bad4cb4741e7886d507d90f,15,7,8,0.999595582485199,False
qwen3_embedding_0_6b__fts_dense_summary__rrf60__qwen3_reranker__d20,q06-planehopper-eve-cooption,chunk:sha256:76cb58720e1cad5c28efbabe2d16ce71c004f587e4cf7382647f379e33bae4d4,16,15,1,0.9981897473335266,False
qwen3_embedding_0_6b__fts_dense_summary__rrf60__qwen3_reranker__d20,q06-planehopper-eve-cooption,chunk:sha256:f4a386b9cd19cebbef383272b620ee8849cf6544cb54b85c25a8887a2b290e28,17,13,4,0.9986749291419983,False
qwen3_embedding_0_6b__fts_dense_summary__rrf60__qwen3_reranker__d20,q06-planehopper-eve-cooption,chunk:sha256:0a415361be9491bb0ccfcb46be9f894224e113d0c0829b91a2fe92b2eabb9745,18,19,-1,0.9796676635742188,False
qwen3_embedding_0_6b__fts_dense_summary__rrf60__qwen3_reranker__d20,q06-planehopper-eve-cooption,chunk:sha256:15d5bf3a746d82b27a3ab68080f2a694e2e092a8ee315ade8573ab9934dba978,19,9,10,0.9992445707321167,False
qwen3_embedding_0_6b__fts_dense_summary__rrf60__qwen3_reranker__d20,q06-planehopper-eve-cooption,chunk:sha256:ee6b89eab8b328fdb86ca7a663bf7e60d47c8560d1ad06cf245521018fa40f1e,20,6,14,0.9997546076774597,False
qwen3_embedding_0_6b__fts_dense_summary__rrf60__qwen3_reranker__d20,q07-aedes-efve-expression,chunk:sha256:593ca118251a06803c6f2d072f3152171b942af4d28b21983590d00c1722f416,1,5,-4,0.9996199607849121,True
qwen3_embedding_0_6b__fts_dense_summary__rrf60__qwen3_reranker__d20,q07-aedes-efve-expression,chunk:sha256:688bb7cf95b933cc941df34641d5a0d42b403eb59d169299f7a48be2302b2905,2,7,-5,0.9994115829467773,False
qwen3_embedding_0_6b__fts_dense_summary__rrf60__qwen3_reranker__d20,q07-aedes-efve-expression,chunk:sha256:a94c4408bb26c48d2468635d23a0810b86697053567262bef0dafa825a6b727d,3,3,0,0.9997965693473816,False
qwen3_embedding_0_6b__fts_dense_summary__rrf60__qwen3_reranker__d20,q07-aedes-efve-expression,chunk:sha256:392d2d8525fb64b68caa94ff65acaed8dcc3be0449ffea13386ab941917351d5,4,8,-4,0.9989012479782104,False
qwen3_embedding_0_6b__fts_dense_summary__rrf60__qwen3_reranker__d20,q07-aedes-efve-expression,chunk:sha256:c0601582d67c0f6c20400d9ec86aefde6fc5f19ff7bfb9f70e842ba7c41ed114,5,13,-8,0.9626730680465698,False
qwen3_embedding_0_6b__fts_dense_summary__rrf60__qwen3_reranker__d20,q07-aedes-efve-expression,chunk:sha256:1a9d02d24e42c37f2179339e1de906c26706550c197d7b1f3900972a2f25c3dd,6,16,-10,0.8175744414329529,False
qwen3_embedding_0_6b__fts_dense_summary__rrf60__qwen3_reranker__d20,q07-aedes-efve-expression,chunk:sha256:d528bcaec2d742ce9613c86bf227304b2104a25958b7405144864508d06b9039,7,17,-10,0.7662936449050903,False
qwen3_embedding_0_6b__fts_dense_summary__rrf60__qwen3_reranker__d20,q07-aedes-efve-expression,chunk:sha256:3324cd3710941936ac5f925f0166fcbd11d19dd3dd5a052a7ba50ad94e9a076c,8,14,-6,0.9196425676345825,False
qwen3_embedding_0_6b__fts_dense_summary__rrf60__qwen3_reranker__d20,q07-aedes-efve-expression,chunk:sha256:0216654deef6f6ec86a71f886dd5c95d8ed107e5f5ab6efff8b7ddc47a7cadae,9,18,-9,0.7310585975646973,False
qwen3_embedding_0_6b__fts_dense_summary__rrf60__qwen3_reranker__d20,q07-aedes-efve-expression,chunk:sha256:db53118d6c45f2405e14d456b50d27f0aedc7e1ef209ab1c82f74e604eb31930,10,20,-10,0.037326883524656296,False
qwen3_embedding_0_6b__fts_dense_summary__rrf60__qwen3_reranker__d20,q07-aedes-efve-expression,chunk:sha256:9aef3f660fab65f23cdb924f68e64a58a5820cc5c295c609b0140b3442f51526,11,1,10,0.9999485015869141,False
qwen3_embedding_0_6b__fts_dense_summary__rrf60__qwen3_reranker__d20,q07-aedes-efve-expression,chunk:sha256:1d890bbbd669f637dae63e15d4e0311d8c955c7008f7932164062de09cb04644,12,2,10,0.9999452829360962,False
qwen3_embedding_0_6b__fts_dense_summary__rrf60__qwen3_reranker__d20,q07-aedes-efve-expression,chunk:sha256:c4f5df8fa4efdff57b84bc404e72d509fdb948a48d5df1e9d89881fe91ec98ac,13,10,3,0.9982993006706238,False
qwen3_embedding_0_6b__fts_dense_summary__rrf60__qwen3_reranker__d20,q07-aedes-efve-expression,chunk:sha256:c32ab87996268a4c40e6507df186c80a77ecb37dfde77456efcbaa280952e325,14,6,8,0.9994471669197083,False
qwen3_embedding_0_6b__fts_dense_summary__rrf60__qwen3_reranker__d20,q07-aedes-efve-expression,chunk:sha256:baed70aa1dc5a1fdfc80e37f8fc3c454c5e7c6ef4a37d19ecfb617a6531774e3,15,12,3,0.9937100410461426,False
qwen3_embedding_0_6b__fts_dense_summary__rrf60__qwen3_reranker__d20,q07-aedes-efve-expression,chunk:sha256:7963866bdf541b9f26e15bcd9cde6a16d5a299fa8a7ec64bcb3354d390f3ecd7,16,4,12,0.9996429681777954,False
qwen3_embedding_0_6b__fts_dense_summary__rrf60__qwen3_reranker__d20,q07-aedes-efve-expression,chunk:sha256:9962e0be9f42126f538daebac8c0209e99afdc7417e441f627374769e70919fa,17,9,8,0.9985895752906799,False
qwen3_embedding_0_6b__fts_dense_summary__rrf60__qwen3_reranker__d20,q07-aedes-efve-expression,chunk:sha256:ec3b7821f7640cc8606385b1d909d4943bfae65571b9460c01857d5c46fb8d31,18,15,3,0.8991213440895081,False
qwen3_embedding_0_6b__fts_dense_summary__rrf60__qwen3_reranker__d20,q07-aedes-efve-expression,chunk:sha256:58cd7c326e2c3e01baac62cfa1f79c4948ff9c992d600a47e3f8c8b93ede459c,19,19,0,0.08509904891252518,False
qwen3_embedding_0_6b__fts_dense_summary__rrf60__qwen3_reranker__d20,q07-aedes-efve-expression,chunk:sha256:67fefdec6ab7a440845e7d4eb0f37a9abe0215a0b64b301b53de0fec7c64abd5,20,11,9,0.9980732202529907,False
qwen3_embedding_0_6b__fts_dense_summary__rrf60__qwen3_reranker__d20,q08-maverick-phylogenomics,chunk:sha256:0acd38e425c3a4c0119bdd9c894af36a486ba4bef255fb04217a95a49e8535c7,1,2,-1,0.9999339580535889,True
qwen3_embedding_0_6b__fts_dense_summary__rrf60__qwen3_reranker__d20,q08-maverick-phylogenomics,chunk:sha256:c34e766a913a1bac7133c641f5ae00b870d86292b5bab838dae549d5623720ab,2,6,-4,0.9996849298477173,False
qwen3_embedding_0_6b__fts_dense_summary__rrf60__qwen3_reranker__d20,q08-maverick-phylogenomics,chunk:sha256:e9b8a2747459e1294b635334d590b5931e2c9d441c6f75dbadd7a6e3154b06f2,3,3,0,0.9998205304145813,False
qwen3_embedding_0_6b__fts_dense_summary__rrf60__qwen3_reranker__d20,q08-maverick-phylogenomics,chunk:sha256:a57dde5b2e4d95ed7880a8ac99d21e98aa5ed8fe5987ef720209ac0ff16dd8ca,4,1,3,0.9999687671661377,False
qwen3_embedding_0_6b__fts_dense_summary__rrf60__qwen3_reranker__d20,q08-maverick-phylogenomics,chunk:sha256:e5cb1e7abc7fae3da459d447bf2c3772adf18ed8401677a436968520aa2ee97f,5,4,1,0.9997546076774597,False
qwen3_embedding_0_6b__fts_dense_summary__rrf60__qwen3_reranker__d20,q08-maverick-phylogenomics,chunk:sha256:5e63344495e26eb7d607f01e695ed9144342ef9d9852c28216ea9d8a1ee49485,6,8,-2,0.999595582485199,False
qwen3_embedding_0_6b__fts_dense_summary__rrf60__qwen3_reranker__d20,q08-maverick-phylogenomics,chunk:sha256:0d92e7caa01ceac504d20baa434d46bcdc4c130ab59c3d33d22a71719ed95bab,7,10,-3,0.9994115829467773,False
qwen3_embedding_0_6b__fts_dense_summary__rrf60__qwen3_reranker__d20,q08-maverick-phylogenomics,chunk:sha256:28d5bd3e6c92c2e9823d3ff43a72a353db262a74fa59b975f8b389b40646acab,8,9,-1,0.9995417594909668,False
qwen3_embedding_0_6b__fts_dense_summary__rrf60__qwen3_reranker__d20,q08-maverick-phylogenomics,chunk:sha256:f8ce02a1f46ddf0c640f1f21e798fb2d297e2657f0ca1e3e841e078c9a56dd28,9,7,2,0.9996646642684937,False
qwen3_embedding_0_6b__fts_dense_summary__rrf60__qwen3_reranker__d20,q08-maverick-phylogenomics,chunk:sha256:f9b963b32ff0260c75feed87f7a3d1c87da3784bc3f5095ff3a88eb122651cdc,10,11,-1,0.9993333220481873,False
qwen3_embedding_0_6b__fts_dense_summary__rrf60__qwen3_reranker__d20,q08-maverick-phylogenomics,chunk:sha256:d73b47160d265af75a2fbc8f99d1157f4031a4ca55b67f26efeb154a774327b1,11,12,-1,0.9993333220481873,False
qwen3_embedding_0_6b__fts_dense_summary__rrf60__qwen3_reranker__d20,q08-maverick-phylogenomics,chunk:sha256:5bc42f33870fdef5e9b6a3a3bca45dff1cee98a16c1f9241b572f56e7752782f,12,13,-1,0.9980732202529907,False
qwen3_embedding_0_6b__fts_dense_summary__rrf60__qwen3_reranker__d20,q08-maverick-phylogenomics,chunk:sha256:60f427ecec9248c56aabcf9839aec93f3d76bab69fdd3fd3c1c4132f40247754,13,14,-1,0.9978172779083252,False
qwen3_embedding_0_6b__fts_dense_summary__rrf60__qwen3_reranker__d20,q08-maverick-phylogenomics,chunk:sha256:f10d56eb599a219d15bdc2e60e3d65b16d74d8bf7cfd782251f7e58ea5f36dc4,14,16,-2,0.9964063763618469,False
qwen3_embedding_0_6b__fts_dense_summary__rrf60__qwen3_reranker__d20,q08-maverick-phylogenomics,chunk:sha256:589aacfa3a1b4b5b1a32f2e8a3e186161c98c701a4dd8de0b97f00be9bbc6ba4,15,18,-3,0.9902915358543396,False
qwen3_embedding_0_6b__fts_dense_summary__rrf60__qwen3_reranker__d20,q08-maverick-phylogenomics,chunk:sha256:7d721af3b7a53f159c3269d588de79b2d4c54e50ea6ebeed4c51dfcc34a6bbe0,16,17,-1,0.9956685304641724,False
qwen3_embedding_0_6b__fts_dense_summary__rrf60__qwen3_reranker__d20,q08-maverick-phylogenomics,chunk:sha256:23f92c3416f8077242c3e78b29c37374c51775a60ec1f3bbbafbc0dedc02fb32,17,19,-2,0.9890130758285522,False
qwen3_embedding_0_6b__fts_dense_summary__rrf60__qwen3_reranker__d20,q08-maverick-phylogenomics,chunk:sha256:35234be9b2dd825db3ec1acf10d24fae1c30c93a6692140255331eb02bcb7d03,18,20,-2,0.9669140577316284,False
qwen3_embedding_0_6b__fts_dense_summary__rrf60__qwen3_reranker__d20,q08-maverick-phylogenomics,chunk:sha256:1132437226fdd92c5bd7d69bf98ee855c953a52def845d4e3d532bc2d7d69989,19,15,4,0.9978172779083252,False
qwen3_embedding_0_6b__fts_dense_summary__rrf60__qwen3_reranker__d20,q08-maverick-phylogenomics,chunk:sha256:7399921f11942b91f8a6b612d06d27eb0a648fd39dad56a27bd42fe75b6345f5,20,5,15,0.9997040629386902,False
qwen3_embedding_0_6b__fts_dense_summary__rrf60__qwen3_reranker__d20,q09-shrimp-ihhnv-eve,chunk:sha256:be477bd777c982bfc2a911dce771e7ecee169880a1757e7043e4d9b20fcf784d,1,1,0,0.9999892711639404,False
qwen3_embedding_0_6b__fts_dense_summary__rrf60__qwen3_reranker__d20,q09-shrimp-ihhnv-eve,chunk:sha256:143642223b46264750c2b067c817c0a9a580e578da9b4c498a7784982bdf9343,2,19,-17,0.9808759689331055,True
qwen3_embedding_0_6b__fts_dense_summary__rrf60__qwen3_reranker__d20,q09-shrimp-ihhnv-eve,chunk:sha256:5dfd585aa17d234b895b8c12800a030517da6207efc79d01e6698ec9818592d3,3,8,-5,0.9994471669197083,False
qwen3_embedding_0_6b__fts_dense_summary__rrf60__qwen3_reranker__d20,q09-shrimp-ihhnv-eve,chunk:sha256:db53118d6c45f2405e14d456b50d27f0aedc7e1ef209ab1c82f74e604eb31930,4,20,-16,0.531209409236908,False
qwen3_embedding_0_6b__fts_dense_summary__rrf60__qwen3_reranker__d20,q09-shrimp-ihhnv-eve,chunk:sha256:9fdbcd8c46b10021df540e949cf90c044c26f4718a3ed6455f4078fd030b3e9a,5,3,2,0.9998089671134949,False
qwen3_embedding_0_6b__fts_dense_summary__rrf60__qwen3_reranker__d20,q09-shrimp-ihhnv-eve,chunk:sha256:a7a2b535bbf6c9a73cd10477bed235830fffd70f957204678a3966a910ad4057,6,15,-9,0.9976769089698792,False
qwen3_embedding_0_6b__fts_dense_summary__rrf60__qwen3_reranker__d20,q09-shrimp-ihhnv-eve,chunk:sha256:8bb142de9ffe2f162d939f9b31c92865da7c2595ba38a7d492acb9d53924cfc2,7,2,5,0.9998910427093506,False
qwen3_embedding_0_6b__fts_dense_summary__rrf60__qwen3_reranker__d20,q09-shrimp-ihhnv-eve,chunk:sha256:86fbbc2d65ee45585b5d30bd4205a18eb11d78ea830eb9319a1312841d143b14,8,4,4,0.999783456325531,False
qwen3_embedding_0_6b__fts_dense_summary__rrf60__qwen3_reranker__d20,q09-shrimp-ihhnv-eve,chunk:sha256:b18ff57b910ef04b50879fd0847a0ab2cee099592a11871722e72cbd9218012e,9,12,-3,0.9990302324295044,False
qwen3_embedding_0_6b__fts_dense_summary__rrf60__qwen3_reranker__d20,q09-shrimp-ihhnv-eve,chunk:sha256:85016400a3715aa603769092d2e295b736d5d593ea4b6acde80100cbd67e79ed,10,9,1,0.9994471669197083,False
qwen3_embedding_0_6b__fts_dense_summary__rrf60__qwen3_reranker__d20,q09-shrimp-ihhnv-eve,chunk:sha256:7acd0f2c96b5e4e1130aa414f05b5c6ed88eca2c78c5b4378212fbcbefe3f26c,11,5,6,0.9997695088386536,False
qwen3_embedding_0_6b__fts_dense_summary__rrf60__qwen3_reranker__d20,q09-shrimp-ihhnv-eve,chunk:sha256:dd6372697026041d7329a47821f0e920ff6a03fd1824052243209cd509af4b8b,12,7,5,0.9996429681777954,False
qwen3_embedding_0_6b__fts_dense_summary__rrf60__qwen3_reranker__d20,q09-shrimp-ihhnv-eve,chunk:sha256:2899fee5d66bda02b5fc69710cf1d8d4277380abb32325fbda001ea37cea6a23,13,11,2,0.9991440773010254,False
qwen3_embedding_0_6b__fts_dense_summary__rrf60__qwen3_reranker__d20,q09-shrimp-ihhnv-eve,chunk:sha256:4292fe25a596649fdf17a0294514e9cac4219c790c8d694843692bd2f5d209c3,14,18,-4,0.9859364032745361,False
qwen3_embedding_0_6b__fts_dense_summary__rrf60__qwen3_reranker__d20,q09-shrimp-ihhnv-eve,chunk:sha256:babf8e67d2e994451606655c53285f48ac1a9d003697e5dc1a3a80568bcc82c8,15,14,1,0.9981897473335266,False
qwen3_embedding_0_6b__fts_dense_summary__rrf60__qwen3_reranker__d20,q09-shrimp-ihhnv-eve,chunk:sha256:3609610e9eb46af3c8a7ed0de78f42787ad04db4a0b850cd6ccbcb85a6734ba4,16,16,0,0.9937100410461426,False
qwen3_embedding_0_6b__fts_dense_summary__rrf60__qwen3_reranker__d20,q09-shrimp-ihhnv-eve,chunk:sha256:3389499e9c17eff58b657e2ca4b64c46f14694334038cd63f89478961b1a79a3,17,13,4,0.9985895752906799,False
qwen3_embedding_0_6b__fts_dense_summary__rrf60__qwen3_reranker__d20,q09-shrimp-ihhnv-eve,chunk:sha256:78534d318b7f08a806e6ee68e38d0171b8143a8c385db0b288bb3e60151726b7,18,10,8,0.9993333220481873,False
qwen3_embedding_0_6b__fts_dense_summary__rrf60__qwen3_reranker__d20,q09-shrimp-ihhnv-eve,chunk:sha256:98221972e66a4dd21991d974b307ab1518903cbe2094dd552b06205073a5ffd1,19,6,13,0.9997695088386536,False
qwen3_embedding_0_6b__fts_dense_summary__rrf60__qwen3_reranker__d20,q09-shrimp-ihhnv-eve,chunk:sha256:3e4ac0c7e20e3646e045687b6a6ba133359c2399a8b3b9bdb2ce3635283ba2ce,20,17,3,0.9919379353523254,False
qwen3_embedding_0_6b__fts_dense_summary__rrf60__qwen3_reranker__d20,q10-flavivirus-ancient-origin,chunk:sha256:d528bcaec2d742ce9613c86bf227304b2104a25958b7405144864508d06b9039,1,5,-4,0.9996849298477173,True
qwen3_embedding_0_6b__fts_dense_summary__rrf60__qwen3_reranker__d20,q10-flavivirus-ancient-origin,chunk:sha256:58cd7c326e2c3e01baac62cfa1f79c4948ff9c992d600a47e3f8c8b93ede459c,2,1,1,0.9999687671661377,False
qwen3_embedding_0_6b__fts_dense_summary__rrf60__qwen3_reranker__d20,q10-flavivirus-ancient-origin,chunk:sha256:97748fe5c7234bc948734a3af52e645b3c3785d3a0d06ea61b653ed263b03588,3,9,-6,0.9971990585327148,False
qwen3_embedding_0_6b__fts_dense_summary__rrf60__qwen3_reranker__d20,q10-flavivirus-ancient-origin,chunk:sha256:6f8eb770a4600ed5451c48d6ab80b4a1c44ac3de2de96025272009ad5fe21597,4,6,-2,0.9988304972648621,False
qwen3_embedding_0_6b__fts_dense_summary__rrf60__qwen3_reranker__d20,q10-flavivirus-ancient-origin,chunk:sha256:a94c4408bb26c48d2468635d23a0810b86697053567262bef0dafa825a6b727d,5,10,-5,0.9933071732521057,False
qwen3_embedding_0_6b__fts_dense_summary__rrf60__qwen3_reranker__d20,q10-flavivirus-ancient-origin,chunk:sha256:392d2d8525fb64b68caa94ff65acaed8dcc3be0449ffea13386ab941917351d5,6,11,-5,0.9890130758285522,False
qwen3_embedding_0_6b__fts_dense_summary__rrf60__qwen3_reranker__d20,q10-flavivirus-ancient-origin,chunk:sha256:688bb7cf95b933cc941df34641d5a0d42b403eb59d169299f7a48be2302b2905,7,13,-6,0.1919327825307846,False
qwen3_embedding_0_6b__fts_dense_summary__rrf60__qwen3_reranker__d20,q10-flavivirus-ancient-origin,chunk:sha256:593ca118251a06803c6f2d072f3152171b942af4d28b21983590d00c1722f416,8,14,-6,0.18242551386356354,False
qwen3_embedding_0_6b__fts_dense_summary__rrf60__qwen3_reranker__d20,q10-flavivirus-ancient-origin,chunk:sha256:c0601582d67c0f6c20400d9ec86aefde6fc5f19ff7bfb9f70e842ba7c41ed114,9,12,-3,0.8438951373100281,False
qwen3_embedding_0_6b__fts_dense_summary__rrf60__qwen3_reranker__d20,q10-flavivirus-ancient-origin,chunk:sha256:7cc653e0819e4ddadee5f37fd3fe8672ab9be2f4bad73c52cf73162fbc824efc,10,17,-7,0.027585284784436226,False
qwen3_embedding_0_6b__fts_dense_summary__rrf60__qwen3_reranker__d20,q10-flavivirus-ancient-origin,chunk:sha256:aea6bd74994125acb8a532cc9c0386f895aaee54d6b6a1764b47c5a3c47fe0cc,11,16,-5,0.0446808747947216,False
qwen3_embedding_0_6b__fts_dense_summary__rrf60__qwen3_reranker__d20,q10-flavivirus-ancient-origin,chunk:sha256:32f9b52bf342df1c629ab5ba358c626faddc3cb1551361d8610ce795fc24213f,12,20,-8,0.004609571769833565,False
qwen3_embedding_0_6b__fts_dense_summary__rrf60__qwen3_reranker__d20,q10-flavivirus-ancient-origin,chunk:sha256:e9b8a2747459e1294b635334d590b5931e2c9d441c6f75dbadd7a6e3154b06f2,13,19,-6,0.016914913430809975,False
qwen3_embedding_0_6b__fts_dense_summary__rrf60__qwen3_reranker__d20,q10-flavivirus-ancient-origin,chunk:sha256:ec3b7821f7640cc8606385b1d909d4943bfae65571b9460c01857d5c46fb8d31,14,18,-4,0.02595735527575016,False
qwen3_embedding_0_6b__fts_dense_summary__rrf60__qwen3_reranker__d20,q10-flavivirus-ancient-origin,chunk:sha256:82e24880d12396739da426accae9ec544351240e6bb635fc16239b2414d0df2b,15,15,0,0.06008664891123772,False
qwen3_embedding_0_6b__fts_dense_summary__rrf60__qwen3_reranker__d20,q10-flavivirus-ancient-origin,chunk:sha256:b1a4d2806aba2e05b6720f2af2883bc1158f063617a38627f6d9c441938449a5,16,2,14,0.9999485015869141,False
qwen3_embedding_0_6b__fts_dense_summary__rrf60__qwen3_reranker__d20,q10-flavivirus-ancient-origin,chunk:sha256:7a3c29c9ab15051f6e3dbbae2ca0777d09bf13da16d5bdbe859af44d48531017,17,3,14,0.999841570854187,False
qwen3_embedding_0_6b__fts_dense_summary__rrf60__qwen3_reranker__d20,q10-flavivirus-ancient-origin,chunk:sha256:78ddca8197b4111d13486a4322e1db0060ac5443948b4fb4aeda8eadbad78729,18,7,11,0.9986749291419983,False
qwen3_embedding_0_6b__fts_dense_summary__rrf60__qwen3_reranker__d20,q10-flavivirus-ancient-origin,chunk:sha256:52446bb9a155d47742b7ff6a384bee893711252c775f68c6d42f1c6df8d9328f,19,4,15,0.9998313188552856,False
qwen3_embedding_0_6b__fts_dense_summary__rrf60__qwen3_reranker__d20,q10-flavivirus-ancient-origin,chunk:sha256:ebfe1cb3aa3e25bbc4e1cb4a4716672c03c53ec307ebb90c7b104934e3da7f4b,20,8,12,0.9986749291419983,False
qwen3_embedding_0_6b__fts_dense_summary__rrf60__qwen3_reranker__d20,q11-avian-paleoviral-frequency,chunk:sha256:71597c8fe22a4da601d5a226f08e247253bda043d9a08d2b74372ae74e2d77d2,1,1,0,0.9999517202377319,True
qwen3_embedding_0_6b__fts_dense_summary__rrf60__qwen3_reranker__d20,q11-avian-paleoviral-frequency,chunk:sha256:60c68571bf86ea0abb18ad6d039835770d0b601ee839e15290491b0bc7ba5605,2,3,-1,0.9998313188552856,False
qwen3_embedding_0_6b__fts_dense_summary__rrf60__qwen3_reranker__d20,q11-avian-paleoviral-frequency,chunk:sha256:3a5f0e05ce44e26e7ba5ded0cf5ac9a2058fcea66bae9e634d6544c3e2eff6f5,3,2,1,0.9998840093612671,False
qwen3_embedding_0_6b__fts_dense_summary__rrf60__qwen3_reranker__d20,q11-avian-paleoviral-frequency,chunk:sha256:a114bc828b2db3ebe065ba4e176eed7ff7a8812d93856f85b00cb8d38ebc78d6,4,17,-13,0.7662936449050903,False
qwen3_embedding_0_6b__fts_dense_summary__rrf60__qwen3_reranker__d20,q11-avian-paleoviral-frequency,chunk:sha256:aea6bd74994125acb8a532cc9c0386f895aaee54d6b6a1764b47c5a3c47fe0cc,5,9,-4,0.9961755275726318,False
qwen3_embedding_0_6b__fts_dense_summary__rrf60__qwen3_reranker__d20,q11-avian-paleoviral-frequency,chunk:sha256:593ca118251a06803c6f2d072f3152171b942af4d28b21983590d00c1722f416,6,16,-10,0.9046505093574524,False
qwen3_embedding_0_6b__fts_dense_summary__rrf60__qwen3_reranker__d20,q11-avian-paleoviral-frequency,chunk:sha256:ec3b7821f7640cc8606385b1d909d4943bfae65571b9460c01857d5c46fb8d31,7,10,-3,0.9953904151916504,False
qwen3_embedding_0_6b__fts_dense_summary__rrf60__qwen3_reranker__d20,q11-avian-paleoviral-frequency,chunk:sha256:e9b8a2747459e1294b635334d590b5931e2c9d441c6f75dbadd7a6e3154b06f2,8,18,-10,0.2120688110589981,False
qwen3_embedding_0_6b__fts_dense_summary__rrf60__qwen3_reranker__d20,q11-avian-paleoviral-frequency,chunk:sha256:149cc5d8b6eccee74d9d9ca6989c0352b9b94169f739747e38cbad1a65d90a75,9,11,-2,0.9950946569442749,False
qwen3_embedding_0_6b__fts_dense_summary__rrf60__qwen3_reranker__d20,q11-avian-paleoviral-frequency,chunk:sha256:0acd38e425c3a4c0119bdd9c894af36a486ba4bef255fb04217a95a49e8535c7,10,20,-10,0.016914913430809975,False
qwen3_embedding_0_6b__fts_dense_summary__rrf60__qwen3_reranker__d20,q11-avian-paleoviral-frequency,chunk:sha256:c34e766a913a1bac7133c641f5ae00b870d86292b5bab838dae549d5623720ab,11,19,-8,0.05665242299437523,False
qwen3_embedding_0_6b__fts_dense_summary__rrf60__qwen3_reranker__d20,q11-avian-paleoviral-frequency,chunk:sha256:a94c4408bb26c48d2468635d23a0810b86697053567262bef0dafa825a6b727d,12,12,0,0.9950946569442749,False
qwen3_embedding_0_6b__fts_dense_summary__rrf60__qwen3_reranker__d20,q11-avian-paleoviral-frequency,chunk:sha256:392d2d8525fb64b68caa94ff65acaed8dcc3be0449ffea13386ab941917351d5,13,13,0,0.9937100410461426,False
qwen3_embedding_0_6b__fts_dense_summary__rrf60__qwen3_reranker__d20,q11-avian-paleoviral-frequency,chunk:sha256:688bb7cf95b933cc941df34641d5a0d42b403eb59d169299f7a48be2302b2905,14,15,-1,0.9284088015556335,False
qwen3_embedding_0_6b__fts_dense_summary__rrf60__qwen3_reranker__d20,q11-avian-paleoviral-frequency,chunk:sha256:3324cd3710941936ac5f925f0166fcbd11d19dd3dd5a052a7ba50ad94e9a076c,15,14,1,0.9919379353523254,False
qwen3_embedding_0_6b__fts_dense_summary__rrf60__qwen3_reranker__d20,q11-avian-paleoviral-frequency,chunk:sha256:0bb9a5b69072dc6f9361962768fe0e316fec7e3cae1bb3e8bdc3336bde45c79c,16,8,8,0.9994115829467773,False
qwen3_embedding_0_6b__fts_dense_summary__rrf60__qwen3_reranker__d20,q11-avian-paleoviral-frequency,chunk:sha256:c690f1f3e9e8858301b5773a6c08ad8d961e19969547ecc38e3c5c03e7b97de4,17,4,13,0.9998205304145813,False
qwen3_embedding_0_6b__fts_dense_summary__rrf60__qwen3_reranker__d20,q11-avian-paleoviral-frequency,chunk:sha256:ec4a8b47a4735f3f78046ed7acc96601a5ec68374782d7b1b32888a8702e4d4e,18,6,12,0.9997040629386902,False
qwen3_embedding_0_6b__fts_dense_summary__rrf60__qwen3_reranker__d20,q11-avian-paleoviral-frequency,chunk:sha256:3be41d2e2d4e8dc8a92f84b38f68163929e52f6e8c6d5bc6c92cc1b06a4b2416,19,5,14,0.9997219443321228,False
qwen3_embedding_0_6b__fts_dense_summary__rrf60__qwen3_reranker__d20,q11-avian-paleoviral-frequency,chunk:sha256:113bc0eeb99b6f38e3f2546dced21e99f809543cdb3a7a2eb8ee252c5bcf1a31,20,7,13,0.9996199607849121,False
qwen3_embedding_0_6b__fts_dense_summary__rrf60__qwen3_reranker__d20,q12-plv-contamination-control,chunk:sha256:d517da2fbd334afbbe7e31d0c8714a65aefcd18896b2610e040dd441e88d4972,1,17,-16,0.016914913430809975,False
qwen3_embedding_0_6b__fts_dense_summary__rrf60__qwen3_reranker__d20,q12-plv-contamination-control,chunk:sha256:472b1a5a75e2eaa094d10f61aab0daab6122d97d3858913ade7eef07fe2b1ca4,2,15,-13,0.01798621006309986,False
qwen3_embedding_0_6b__fts_dense_summary__rrf60__qwen3_reranker__d20,q12-plv-contamination-control,chunk:sha256:c01d0622a2d7167a24f978189cee1b8f920a2ae8c887b848b0f262d23018dd80,3,14,-11,0.024423088878393173,False
qwen3_embedding_0_6b__fts_dense_summary__rrf60__qwen3_reranker__d20,q12-plv-contamination-control,chunk:sha256:daafb592742921286c7cf1cbcd7051170d6b4464c69cd7082af4564e45bbe17f,4,13,-9,0.06371499598026276,False
qwen3_embedding_0_6b__fts_dense_summary__rrf60__qwen3_reranker__d20,q12-plv-contamination-control,chunk:sha256:c668d6e6be2d47f2a2d3f1818f8cff922078a0e1cdd1d6cdfd9822c3d64fa5d5,5,18,-13,0.010328153148293495,False
qwen3_embedding_0_6b__fts_dense_summary__rrf60__qwen3_reranker__d20,q12-plv-contamination-control,chunk:sha256:a35242f0890335ee7c5b3dae96276963fa36c898ec952f148b0c2526ef528514,6,1,5,0.9996199607849121,True
qwen3_embedding_0_6b__fts_dense_summary__rrf60__qwen3_reranker__d20,q12-plv-contamination-control,chunk:sha256:44592a1a4fa929b35e9b66876a7e7f8a1bb5b297b7c2716e452c5ccec0e7081d,7,6,1,0.9919379353523254,False
qwen3_embedding_0_6b__fts_dense_summary__rrf60__qwen3_reranker__d20,q12-plv-contamination-control,chunk:sha256:1288d040dc00f6842c6ab44920ceef403fe16fb12931206bb89c273563393ddf,8,2,6,0.9990302324295044,False
qwen3_embedding_0_6b__fts_dense_summary__rrf60__qwen3_reranker__d20,q12-plv-contamination-control,chunk:sha256:969aa3e640929618e130ec46e170dee7cca8f40c6070202cef83a7be9e6c779a,9,3,6,0.9988304972648621,False
qwen3_embedding_0_6b__fts_dense_summary__rrf60__qwen3_reranker__d20,q12-plv-contamination-control,chunk:sha256:c07708c03afe0927b7cfc7908b640f4eca8aff1f1a424fe5090f2fe06797f7b1,10,11,-1,0.985042929649353,False
qwen3_embedding_0_6b__fts_dense_summary__rrf60__qwen3_reranker__d20,q12-plv-contamination-control,chunk:sha256:097f63cec662beb5860a41a0024b8c8ecf8099cc6d0d64affd1ee47c112b3555,11,19,-8,7.141901733120903e-05,False
qwen3_embedding_0_6b__fts_dense_summary__rrf60__qwen3_reranker__d20,q12-plv-contamination-control,chunk:sha256:9a6c2fa6e7bf411d7073017ffee17313f1dd2d84b5b4647b6abcd1e5e6f8e69a,12,10,2,0.9867772459983826,False
qwen3_embedding_0_6b__fts_dense_summary__rrf60__qwen3_reranker__d20,q12-plv-contamination-control,chunk:sha256:751ec5f5673635a5fed72675a003cf9c9367cea26e7a4738d8356ce096d7b3d7,13,5,8,0.9953904151916504,False
qwen3_embedding_0_6b__fts_dense_summary__rrf60__qwen3_reranker__d20,q12-plv-contamination-control,chunk:sha256:ab2567776f4676efa9e715bf63f3678dfeca51940a91c582a354fd8fe72d8708,14,20,-6,4.539786823443137e-05,False
qwen3_embedding_0_6b__fts_dense_summary__rrf60__qwen3_reranker__d20,q12-plv-contamination-control,chunk:sha256:cb52107a71036bedebaedfbbe01016b85a7f7fde11d82966956497cf2a37a19b,15,8,7,0.9902915358543396,False
qwen3_embedding_0_6b__fts_dense_summary__rrf60__qwen3_reranker__d20,q12-plv-contamination-control,chunk:sha256:bcf5c8e512d72b91526d42e38b64196ea7b7683055434808a08112fc0974c28d,16,12,4,0.5,False
qwen3_embedding_0_6b__fts_dense_summary__rrf60__qwen3_reranker__d20,q12-plv-contamination-control,chunk:sha256:b7fd79a755522a8e4bdd33075f396e0422c5421637dcbfaa2e053b6a8adaf4f8,17,9,8,0.9875683188438416,False
qwen3_embedding_0_6b__fts_dense_summary__rrf60__qwen3_reranker__d20,q12-plv-contamination-control,chunk:sha256:aadda9712480f181f107068f5aca296f096adbf61681a6edf5fe1c9ca64d2de8,18,4,14,0.9959298968315125,False
qwen3_embedding_0_6b__fts_dense_summary__rrf60__qwen3_reranker__d20,q12-plv-contamination-control,chunk:sha256:9b1eb8149698ae9117c8e970671d24078da1fca73464c0fbc71c23ac37cdba7a,19,7,12,0.9908744096755981,False
qwen3_embedding_0_6b__fts_dense_summary__rrf60__qwen3_reranker__d20,q12-plv-contamination-control,chunk:sha256:a5ffe1857f7481c3fb7a87c170f76eff4a2b07f5ca121d665f2acc38dfba54da,20,16,4,0.01798621006309986,False
qwen3_embedding_0_6b__fts_dense_summary__rrf60__qwen3_reranker__d20,q13-viralrecall-limitations,chunk:sha256:f13056c7ec2fb1aa5a8ba09ed7c2345a4817b3d642c8609c7ae6330158ae2988,1,1,0,0.999929666519165,True
qwen3_embedding_0_6b__fts_dense_summary__rrf60__qwen3_reranker__d20,q13-viralrecall-limitations,chunk:sha256:7ea2117e542bfa39a9361f79793b1897923481485ba4ad4a917d60fa91a61c06,2,12,-10,0.9890130758285522,False
qwen3_embedding_0_6b__fts_dense_summary__rrf60__qwen3_reranker__d20,q13-viralrecall-limitations,chunk:sha256:d517da2fbd334afbbe7e31d0c8714a65aefcd18896b2610e040dd441e88d4972,3,13,-10,0.9820137619972229,False
qwen3_embedding_0_6b__fts_dense_summary__rrf60__qwen3_reranker__d20,q13-viralrecall-limitations,chunk:sha256:434fda2a08cc51e64816bf2b792417f3ad432f5ef148e7bcecb5e8c00276a8ac,4,7,-3,0.9984021782875061,False
qwen3_embedding_0_6b__fts_dense_summary__rrf60__qwen3_reranker__d20,q13-viralrecall-limitations,chunk:sha256:82e24880d12396739da426accae9ec544351240e6bb635fc16239b2414d0df2b,5,17,-12,0.002714985515922308,False
qwen3_embedding_0_6b__fts_dense_summary__rrf60__qwen3_reranker__d20,q13-viralrecall-limitations,chunk:sha256:7cc653e0819e4ddadee5f37fd3fe8672ab9be2f4bad73c52cf73162fbc824efc,6,15,-9,0.01590639166533947,False
qwen3_embedding_0_6b__fts_dense_summary__rrf60__qwen3_reranker__d20,q13-viralrecall-limitations,chunk:sha256:a114bc828b2db3ebe065ba4e176eed7ff7a8812d93856f85b00cb8d38ebc78d6,7,16,-9,0.006289901677519083,False
qwen3_embedding_0_6b__fts_dense_summary__rrf60__qwen3_reranker__d20,q13-viralrecall-limitations,chunk:sha256:daafb592742921286c7cf1cbcd7051170d6b4464c69cd7082af4564e45bbe17f,8,19,-11,0.00012931562378071249,False
qwen3_embedding_0_6b__fts_dense_summary__rrf60__qwen3_reranker__d20,q13-viralrecall-limitations,chunk:sha256:32f9b52bf342df1c629ab5ba358c626faddc3cb1551361d8610ce795fc24213f,9,20,-11,3.426849434617907e-05,False
qwen3_embedding_0_6b__fts_dense_summary__rrf60__qwen3_reranker__d20,q13-viralrecall-limitations,chunk:sha256:472b1a5a75e2eaa094d10f61aab0daab6122d97d3858913ade7eef07fe2b1ca4,10,18,-8,0.00015843621804378927,False
qwen3_embedding_0_6b__fts_dense_summary__rrf60__qwen3_reranker__d20,q13-viralrecall-limitations,chunk:sha256:a7e00ea2c148f6e366c9a61fef10277de90d0723efef7d14c2bfa7710b8ccb90,11,3,8,0.999841570854187,False
qwen3_embedding_0_6b__fts_dense_summary__rrf60__qwen3_reranker__d20,q13-viralrecall-limitations,chunk:sha256:c208dd3f469543145ec0f8179363c573665be2df6e403f29e12f3f8902baf625,12,4,8,0.9996849298477173,False
qwen3_embedding_0_6b__fts_dense_summary__rrf60__qwen3_reranker__d20,q13-viralrecall-limitations,chunk:sha256:457145f8656db12167ed529ff17205aa82e9489f42382be3a9723ad96808d6a1,13,2,11,0.999868631362915,False
qwen3_embedding_0_6b__fts_dense_summary__rrf60__qwen3_reranker__d20,q13-viralrecall-limitations,chunk:sha256:5f014cc70509c528988551fe3e4b2f91de12ce098f9cf5fd23b53b79a6354f8a,14,5,9,0.9996429681777954,False
qwen3_embedding_0_6b__fts_dense_summary__rrf60__qwen3_reranker__d20,q13-viralrecall-limitations,chunk:sha256:41fe03f5abf525460688db1a0dbef342896f1c12d863ceb2d4872bd4e6360e62,15,6,9,0.9994471669197083,False
qwen3_embedding_0_6b__fts_dense_summary__rrf60__qwen3_reranker__d20,q13-viralrecall-limitations,chunk:sha256:5824bd5152b5122c12cda8a9e7117b083c22d5227eb5a86ef60674e34f2d22b2,16,9,7,0.9979493021965027,False
qwen3_embedding_0_6b__fts_dense_summary__rrf60__qwen3_reranker__d20,q13-viralrecall-limitations,chunk:sha256:51ccf70ae7e30081a4fb24a1970c17ebdc7ee2c964287bdd66671cf57ec6e2e3,17,10,7,0.9953904151916504,False
qwen3_embedding_0_6b__fts_dense_summary__rrf60__qwen3_reranker__d20,q13-viralrecall-limitations,chunk:sha256:1414c7be9b1b8d86106b33a70edaaf63ac72ee8ec24a2430b6101e24181cbffc,18,8,10,0.9980732202529907,False
qwen3_embedding_0_6b__fts_dense_summary__rrf60__qwen3_reranker__d20,q13-viralrecall-limitations,chunk:sha256:ec3b7821f7640cc8606385b1d909d4943bfae65571b9460c01857d5c46fb8d31,19,14,5,0.05033063143491745,False
qwen3_embedding_0_6b__fts_dense_summary__rrf60__qwen3_reranker__d20,q13-viralrecall-limitations,chunk:sha256:a60452929e1b6e461405118cb1880c812e74b34f955502553339b7dd3cf71a05,20,11,9,0.9937100410461426,False
